id_fecha_resuelto,dia,mes,anio,hora,minutos
1,19,1,2026,9,7
2,19,1,2026,9,14
3,19,1,2026,9,16
4,19,1,2026,10,0
5,19,1,2026,10,1
6,19,1,2026,10,4
7,19,1,2026,10,10
8,19,1,2026,10,39
9,19,1,2026,10,45
10,19,1,2026,10,59
11,19,1,2026,11,6
12,19,1,2026,11,9
13,19,1,2026,11,11
14,19,1,2026,11,17
15,19,1,2026,11,25
16,19,1,2026,11,26
17,19,1,2026,11,29
18,19,1,2026,11,32
19,19,1,2026,11,34
20,19,1,2026,11,39
21,19,1,2026,11,42
22,19,1,2026,11,43
23,19,1,2026,11,46
24,19,1,2026,11,48
25,19,1,2026,11,50
26,19,1,2026,11,59
27,19,1,2026,13,14
28,19,1,2026,13,31
29,19,1,2026,13,33
30,19,1,2026,13,34
31,19,1,2026,13,35
32,19,1,2026,13,41
33,19,1,2026,13,42
34,19,1,2026,13,43
35,19,1,2026,13,55
36,19,1,2026,14,6
37,19,1,2026,14,12
38,19,1,2026,14,57
39,19,1,2026,14,59
40,19,1,2026,16,39
41,20,1,2026,7,31
42,20,1,2026,7,32
43,20,1,2026,7,36
44,20,1,2026,8,0
45,20,1,2026,9,47
46,20,1,2026,9,52
47,20,1,2026,13,25
48,20,1,2026,14,4
49,20,1,2026,14,40
50,20,1,2026,15,57
51,20,1,2026,16,21
52,21,1,2026,7,45
53,21,1,2026,7,46
54,21,1,2026,7,48
55,21,1,2026,7,50
56,21,1,2026,7,51
57,21,1,2026,8,53
58,21,1,2026,9,46
59,21,1,2026,11,27
60,21,1,2026,13,11
61,21,1,2026,13,12
62,21,1,2026,15,6
63,21,1,2026,16,37
64,22,1,2026,11,7
65,22,1,2026,11,21
66,22,1,2026,11,25
67,22,1,2026,11,29
68,22,1,2026,11,31
69,22,1,2026,11,41
70,22,1,2026,11,57
71,22,1,2026,16,33
72,22,1,2026,16,34
73,22,1,2026,16,43
74,23,1,2026,7,56
75,23,1,2026,8,55
76,23,1,2026,8,57
77,23,1,2026,8,59
78,23,1,2026,10,22
79,23,1,2026,10,24
80,23,1,2026,10,28
81,23,1,2026,10,35
82,23,1,2026,13,55
83,23,1,2026,14,46
84,23,1,2026,16,32
85,23,1,2026,16,33
86,26,1,2026,7,47
87,26,1,2026,8,13
88,26,1,2026,8,40
89,26,1,2026,8,41
90,26,1,2026,8,46
91,26,1,2026,9,18
92,26,1,2026,9,41
93,26,1,2026,9,44
94,26,1,2026,9,56
95,26,1,2026,10,1
96,26,1,2026,10,8
97,26,1,2026,11,1
98,26,1,2026,11,53
99,26,1,2026,13,22
100,26,1,2026,13,40
101,26,1,2026,14,2
102,26,1,2026,14,40
103,26,1,2026,16,6
104,27,1,2026,9,34
105,27,1,2026,9,38
106,27,1,2026,13,10
107,27,1,2026,13,21
108,27,1,2026,13,22
109,27,1,2026,13,23
110,27,1,2026,13,32
111,27,1,2026,13,35
112,27,1,2026,14,5
113,27,1,2026,14,24
114,27,1,2026,14,46
115,27,1,2026,14,54
116,27,1,2026,14,57
117,27,1,2026,15,46
118,27,1,2026,15,53
119,27,1,2026,16,7
120,27,1,2026,16,9
121,28,1,2026,7,21
122,28,1,2026,7,25
123,28,1,2026,9,46
124,28,1,2026,9,52
125,28,1,2026,10,25
126,28,1,2026,11,43
127,28,1,2026,13,36
128,28,1,2026,15,14
129,28,1,2026,15,54
130,28,1,2026,15,56
131,29,1,2026,8,16
132,29,1,2026,9,9
133,29,1,2026,9,45
134,29,1,2026,9,46
135,29,1,2026,11,23
136,29,1,2026,11,27
137,29,1,2026,11,44
138,29,1,2026,13,12
139,29,1,2026,13,18
140,29,1,2026,13,58
141,29,1,2026,14,10
142,29,1,2026,14,43
143,29,1,2026,14,47
144,29,1,2026,15,52
145,30,1,2026,8,51
146,30,1,2026,8,53
147,30,1,2026,8,59
148,30,1,2026,9,0
149,30,1,2026,9,45
150,30,1,2026,10,11
151,30,1,2026,11,20
152,30,1,2026,11,30
153,30,1,2026,11,43
154,30,1,2026,11,54
155,30,1,2026,13,16
156,30,1,2026,16,11
157,2,2,2026,8,1
158,2,2,2026,8,3
159,2,2,2026,9,16
160,2,2,2026,11,27
161,2,2,2026,11,37
162,2,2,2026,13,20
163,2,2,2026,13,25
164,2,2,2026,13,39
165,2,2,2026,14,3
166,2,2,2026,16,0
167,2,2,2026,16,3
168,2,2,2026,16,4
169,2,2,2026,16,5
170,2,2,2026,16,6
171,2,2,2026,16,33
172,3,2,2026,7,46
173,3,2,2026,8,50
174,3,2,2026,9,37
175,3,2,2026,9,44
176,3,2,2026,10,57
177,3,2,2026,11,51
178,3,2,2026,13,13
179,3,2,2026,13,54
180,3,2,2026,13,56
181,3,2,2026,14,49
182,3,2,2026,15,3
183,3,2,2026,16,5
184,3,2,2026,16,19
185,4,2,2026,7,36
186,4,2,2026,8,34
187,4,2,2026,9,6
188,4,2,2026,9,18
189,4,2,2026,10,4
190,4,2,2026,12,6
191,4,2,2026,14,7
192,4,2,2026,14,8
193,4,2,2026,14,10
194,4,2,2026,14,20
195,4,2,2026,14,24
196,4,2,2026,14,39
197,4,2,2026,15,8
198,4,2,2026,15,41
199,5,2,2026,7,36
200,5,2,2026,8,4
201,5,2,2026,9,43
202,5,2,2026,10,21
203,5,2,2026,11,29
204,5,2,2026,11,36
205,5,2,2026,11,38
206,5,2,2026,13,15
207,5,2,2026,13,53
208,5,2,2026,14,3
209,5,2,2026,15,20
210,5,2,2026,15,23
211,5,2,2026,15,30
212,5,2,2026,16,12
213,5,2,2026,16,15
214,5,2,2026,16,19
215,5,2,2026,16,22
216,6,2,2026,9,24
217,6,2,2026,10,36
218,6,2,2026,10,46
219,6,2,2026,10,51
220,6,2,2026,13,57
221,6,2,2026,13,59
222,6,2,2026,14,29
223,6,2,2026,16,30
224,9,2,2026,7,59
225,9,2,2026,8,3
226,9,2,2026,9,6
227,9,2,2026,9,8
228,9,2,2026,9,9
229,9,2,2026,9,11
230,9,2,2026,9,41
231,9,2,2026,10,55
232,9,2,2026,10,57
233,9,2,2026,13,34
234,9,2,2026,13,35
235,9,2,2026,13,37
236,9,2,2026,14,51
237,9,2,2026,14,52
238,9,2,2026,14,58
239,9,2,2026,15,0
240,9,2,2026,15,6
241,9,2,2026,15,23
242,9,2,2026,15,29
243,9,2,2026,15,49
244,9,2,2026,16,14
245,9,2,2026,16,19
246,9,2,2026,16,24
247,9,2,2026,16,25
248,10,2,2026,7,39
249,10,2,2026,7,41
250,10,2,2026,7,42
251,10,2,2026,7,46
252,10,2,2026,8,0
253,10,2,2026,8,24
254,10,2,2026,8,38
255,10,2,2026,8,53
256,10,2,2026,9,22
257,10,2,2026,9,34
258,10,2,2026,9,45
259,10,2,2026,10,9
260,10,2,2026,10,13
261,10,2,2026,11,3
262,10,2,2026,11,12
263,10,2,2026,11,40
264,10,2,2026,11,47
265,10,2,2026,13,27
266,10,2,2026,13,36
267,10,2,2026,14,55
268,10,2,2026,14,57
269,10,2,2026,15,0
270,10,2,2026,15,2
271,10,2,2026,15,4
272,10,2,2026,15,12
273,10,2,2026,15,17
274,10,2,2026,15,36
275,10,2,2026,15,37
276,10,2,2026,15,38
277,10,2,2026,16,4
278,10,2,2026,16,8
279,11,2,2026,7,37
280,11,2,2026,7,38
281,11,2,2026,7,39
282,11,2,2026,7,57
283,11,2,2026,8,1
284,11,2,2026,8,2
285,11,2,2026,9,40
286,11,2,2026,9,42
287,11,2,2026,9,59
288,11,2,2026,10,1
289,11,2,2026,10,17
290,11,2,2026,11,25
291,11,2,2026,11,38
292,11,2,2026,11,40
293,11,2,2026,13,1
294,11,2,2026,13,2
295,11,2,2026,13,27
296,11,2,2026,13,45
297,11,2,2026,13,47
298,11,2,2026,15,59
299,11,2,2026,16,10
300,11,2,2026,16,13
301,12,2,2026,7,50
302,12,2,2026,7,55
303,12,2,2026,8,1
304,12,2,2026,8,14
305,12,2,2026,8,54
306,12,2,2026,8,58
307,12,2,2026,9,15
308,12,2,2026,9,36
309,12,2,2026,10,1
310,12,2,2026,10,17
311,12,2,2026,10,25
312,12,2,2026,10,56
313,12,2,2026,10,58
314,12,2,2026,13,8
315,12,2,2026,13,16
316,12,2,2026,13,41
317,12,2,2026,14,27
318,12,2,2026,14,36
319,12,2,2026,14,37
320,12,2,2026,14,45
321,12,2,2026,15,11
322,12,2,2026,16,4
323,13,2,2026,7,59
324,13,2,2026,8,44
325,13,2,2026,8,47
326,13,2,2026,8,54
327,13,2,2026,9,1
328,13,2,2026,9,8
329,13,2,2026,9,14
330,13,2,2026,9,17
331,13,2,2026,9,20
332,13,2,2026,9,25
333,13,2,2026,9,29
334,13,2,2026,9,31
335,13,2,2026,10,5
336,13,2,2026,10,18
337,13,2,2026,13,23
338,13,2,2026,13,24
339,13,2,2026,13,28
340,13,2,2026,13,35
341,13,2,2026,13,37
342,13,2,2026,13,39
343,13,2,2026,13,41
344,13,2,2026,13,55
345,13,2,2026,14,0
346,13,2,2026,14,11
347,13,2,2026,14,16
348,13,2,2026,14,34
349,13,2,2026,14,42
350,13,2,2026,14,58
351,13,2,2026,15,50
352,13,2,2026,15,58
353,13,2,2026,16,10
354,13,2,2026,16,20
355,13,2,2026,16,30
356,13,2,2026,16,36
357,16,2,2026,7,44
358,16,2,2026,7,45
359,16,2,2026,7,53
360,16,2,2026,7,58
361,16,2,2026,8,10
362,16,2,2026,8,14
363,16,2,2026,8,23
364,16,2,2026,9,1
365,16,2,2026,9,17
366,16,2,2026,9,50
367,16,2,2026,9,52
368,16,2,2026,9,55
369,16,2,2026,10,5
370,16,2,2026,10,27
371,16,2,2026,10,34
372,16,2,2026,10,36
373,16,2,2026,10,38
374,16,2,2026,10,41
375,16,2,2026,10,42
376,16,2,2026,10,55
377,16,2,2026,10,57
378,16,2,2026,11,0
379,16,2,2026,11,3
380,16,2,2026,11,4
381,16,2,2026,11,6
382,16,2,2026,11,9
383,16,2,2026,11,22
384,16,2,2026,11,25
385,16,2,2026,11,26
386,16,2,2026,11,40
387,16,2,2026,11,48
388,16,2,2026,11,53
389,16,2,2026,12,0
390,16,2,2026,13,10
391,16,2,2026,13,12
392,16,2,2026,13,14
393,16,2,2026,13,21
394,16,2,2026,13,25
395,16,2,2026,13,27
396,16,2,2026,13,29
397,16,2,2026,13,30
398,16,2,2026,13,32
399,16,2,2026,13,33
400,16,2,2026,13,38
401,16,2,2026,13,58
402,16,2,2026,14,4
403,16,2,2026,14,16
404,16,2,2026,14,33
405,16,2,2026,14,42
406,16,2,2026,14,49
407,16,2,2026,14,52
408,16,2,2026,15,24
409,16,2,2026,15,31
410,16,2,2026,15,40
411,16,2,2026,16,12
412,16,2,2026,16,15
413,16,2,2026,16,26
414,16,2,2026,16,29
415,17,2,2026,7,33
416,17,2,2026,7,35
417,17,2,2026,7,37
418,17,2,2026,7,42
419,17,2,2026,8,6
420,17,2,2026,8,20
421,17,2,2026,8,46
422,17,2,2026,9,7
423,17,2,2026,9,10
424,17,2,2026,9,11
425,17,2,2026,9,12
426,17,2,2026,9,15
427,17,2,2026,9,17
428,17,2,2026,9,21
429,17,2,2026,9,27
430,17,2,2026,9,32
431,17,2,2026,9,34
432,17,2,2026,9,37
433,17,2,2026,9,44
434,17,2,2026,9,46
435,17,2,2026,9,47
436,17,2,2026,9,49
437,17,2,2026,9,50
438,17,2,2026,9,51
439,17,2,2026,10,18
440,17,2,2026,10,21
441,17,2,2026,11,21
442,17,2,2026,11,34
443,17,2,2026,11,41
444,17,2,2026,11,47
445,17,2,2026,11,50
446,17,2,2026,11,53
447,17,2,2026,13,8
448,17,2,2026,13,37
449,17,2,2026,13,48
450,17,2,2026,13,49
451,17,2,2026,13,54
452,17,2,2026,14,4
453,17,2,2026,14,10
454,17,2,2026,14,11
455,17,2,2026,14,20
456,17,2,2026,14,28
457,17,2,2026,14,35
458,17,2,2026,14,44
459,17,2,2026,15,16
460,17,2,2026,15,57
461,17,2,2026,16,18
462,17,2,2026,16,20
463,17,2,2026,16,24
464,17,2,2026,16,29
465,18,2,2026,7,35
466,18,2,2026,7,36
467,18,2,2026,7,40
468,18,2,2026,7,48
469,18,2,2026,7,54
470,18,2,2026,7,57
471,18,2,2026,8,1
472,18,2,2026,8,2
473,18,2,2026,8,4
474,18,2,2026,8,8
475,18,2,2026,8,9
476,18,2,2026,8,10
477,18,2,2026,8,18
478,18,2,2026,9,14
479,18,2,2026,9,34
480,18,2,2026,9,37
481,18,2,2026,9,54
482,18,2,2026,10,10
483,18,2,2026,10,16
484,18,2,2026,10,25
485,18,2,2026,10,27
486,18,2,2026,11,9
487,18,2,2026,11,30
488,18,2,2026,11,38
489,18,2,2026,11,41
490,18,2,2026,11,44
491,18,2,2026,11,49
492,18,2,2026,13,8
493,18,2,2026,13,21
494,18,2,2026,13,50
495,18,2,2026,13,51
496,18,2,2026,13,52
497,18,2,2026,13,53
498,18,2,2026,13,56
499,18,2,2026,14,11
500,18,2,2026,14,14
501,18,2,2026,15,38
502,18,2,2026,15,58
503,18,2,2026,16,11
504,18,2,2026,16,33
505,19,2,2026,7,41
506,19,2,2026,7,52
507,19,2,2026,7,55
508,19,2,2026,8,2
509,19,2,2026,8,4
510,19,2,2026,9,52
511,19,2,2026,10,20
512,19,2,2026,10,34
513,19,2,2026,10,57
514,19,2,2026,10,58
515,19,2,2026,11,8
516,19,2,2026,11,50
517,19,2,2026,11,55
518,19,2,2026,13,12
519,19,2,2026,14,2
520,19,2,2026,14,4
521,19,2,2026,14,9
522,19,2,2026,14,12
523,19,2,2026,14,13
524,19,2,2026,14,14
525,19,2,2026,14,18
526,19,2,2026,14,34
527,19,2,2026,14,45
528,19,2,2026,15,23
529,19,2,2026,16,0
530,19,2,2026,16,12
531,19,2,2026,16,46
532,20,2,2026,7,40
533,20,2,2026,9,9
534,20,2,2026,9,22
535,20,2,2026,9,31
536,20,2,2026,9,32
537,20,2,2026,9,38
538,20,2,2026,10,1
539,20,2,2026,10,3
540,20,2,2026,10,4
541,20,2,2026,10,44
542,20,2,2026,10,46
543,20,2,2026,11,38
544,20,2,2026,11,56
545,20,2,2026,11,59
546,20,2,2026,13,31
547,20,2,2026,13,33
548,20,2,2026,13,47
549,20,2,2026,13,49
550,20,2,2026,14,11
551,20,2,2026,14,12
552,20,2,2026,14,25
553,20,2,2026,14,26
554,20,2,2026,14,34
555,20,2,2026,14,54
556,20,2,2026,15,14
557,20,2,2026,15,15
558,20,2,2026,15,40
559,20,2,2026,16,15
560,20,2,2026,16,18
561,20,2,2026,16,22
562,20,2,2026,16,29
563,23,2,2026,7,44
564,23,2,2026,7,46
565,23,2,2026,9,4
566,23,2,2026,9,12
567,23,2,2026,10,25
568,23,2,2026,11,15
569,23,2,2026,13,55
570,23,2,2026,13,57
571,23,2,2026,14,7
572,23,2,2026,14,8
573,23,2,2026,14,11
574,23,2,2026,14,12
575,23,2,2026,14,16
576,23,2,2026,14,17
577,23,2,2026,14,36
578,23,2,2026,14,45
579,23,2,2026,14,53
580,23,2,2026,15,21
581,23,2,2026,15,40
582,23,2,2026,15,43
583,23,2,2026,15,44
584,23,2,2026,15,48
585,23,2,2026,15,51
586,23,2,2026,15,53
587,23,2,2026,15,55
588,23,2,2026,15,56
589,23,2,2026,16,2
590,23,2,2026,16,11
591,23,2,2026,16,12
592,23,2,2026,16,14
593,23,2,2026,16,15
594,23,2,2026,16,28
595,23,2,2026,16,33
596,24,2,2026,7,33
597,24,2,2026,7,36
598,24,2,2026,7,40
599,24,2,2026,8,47
600,24,2,2026,10,6
601,24,2,2026,10,10
602,24,2,2026,10,14
603,24,2,2026,10,41
604,24,2,2026,10,42
605,24,2,2026,10,45
606,24,2,2026,11,14
607,24,2,2026,13,10
608,24,2,2026,13,13
609,24,2,2026,13,25
610,24,2,2026,13,35
611,24,2,2026,13,37
612,24,2,2026,13,45
613,24,2,2026,14,45
614,25,2,2026,9,0
615,25,2,2026,9,1
616,25,2,2026,9,13
617,25,2,2026,9,42
618,25,2,2026,9,59
619,25,2,2026,10,10
620,25,2,2026,10,42
621,25,2,2026,10,43
622,25,2,2026,10,49
623,25,2,2026,10,56
624,25,2,2026,11,6
625,25,2,2026,11,18
626,25,2,2026,11,20
627,25,2,2026,13,24
628,25,2,2026,14,20
629,25,2,2026,14,22
630,25,2,2026,14,36
631,25,2,2026,15,12
632,25,2,2026,15,13
633,26,2,2026,6,50
634,26,2,2026,6,56
635,26,2,2026,6,57
636,26,2,2026,7,3
637,26,2,2026,7,41
638,26,2,2026,7,52
639,26,2,2026,8,1
640,26,2,2026,9,11
641,26,2,2026,9,29
642,26,2,2026,10,8
643,26,2,2026,10,13
644,26,2,2026,13,12
645,26,2,2026,13,13
646,26,2,2026,13,15
647,26,2,2026,13,51
648,26,2,2026,14,28
649,26,2,2026,15,3
650,26,2,2026,15,35
651,27,2,2026,7,34
652,27,2,2026,8,3
653,27,2,2026,9,10
654,27,2,2026,9,33
655,27,2,2026,9,34
656,27,2,2026,9,48
657,27,2,2026,9,59
658,27,2,2026,10,8
659,27,2,2026,11,29
660,27,2,2026,13,10
661,27,2,2026,13,53
662,27,2,2026,13,58
663,2,3,2026,10,37
664,2,3,2026,10,45
665,2,3,2026,11,28
666,2,3,2026,13,19
667,2,3,2026,13,59
668,2,3,2026,14,31
669,2,3,2026,14,39
670,2,3,2026,14,45
671,2,3,2026,14,46
672,2,3,2026,15,58
673,2,3,2026,16,29
674,3,3,2026,7,36
675,3,3,2026,7,37
676,3,3,2026,7,39
677,3,3,2026,7,43
678,3,3,2026,7,45
679,3,3,2026,7,51
680,3,3,2026,7,53
681,3,3,2026,10,49
682,3,3,2026,10,51
683,3,3,2026,10,54
684,3,3,2026,10,59
685,3,3,2026,11,6
686,3,3,2026,11,29
687,3,3,2026,11,30
688,3,3,2026,11,39
689,3,3,2026,14,9
690,3,3,2026,14,27
691,3,3,2026,14,46
692,3,3,2026,15,20
693,3,3,2026,15,27
694,3,3,2026,15,30
695,3,3,2026,15,32
696,3,3,2026,16,32
697,4,3,2026,7,52
698,4,3,2026,7,57
699,4,3,2026,8,53
700,4,3,2026,8,57
701,4,3,2026,9,5
702,4,3,2026,10,1
703,4,3,2026,10,49
704,4,3,2026,11,7
705,4,3,2026,11,35
706,4,3,2026,11,37
707,4,3,2026,13,7
708,4,3,2026,13,16
709,4,3,2026,13,20
710,4,3,2026,13,37
711,4,3,2026,13,39
712,4,3,2026,13,42
713,4,3,2026,13,44
714,4,3,2026,13,48
715,4,3,2026,14,3
716,4,3,2026,14,8
717,4,3,2026,14,10
718,4,3,2026,14,13
719,4,3,2026,14,14
720,4,3,2026,14,21
721,4,3,2026,14,24
722,4,3,2026,15,6
723,4,3,2026,15,31
724,4,3,2026,15,44
725,4,3,2026,15,54
726,4,3,2026,15,55
727,5,3,2026,7,47
728,5,3,2026,7,54
729,5,3,2026,8,20
730,5,3,2026,8,41
731,5,3,2026,10,54
732,5,3,2026,11,41
733,5,3,2026,13,14
734,5,3,2026,13,17
735,5,3,2026,13,21
736,5,3,2026,14,6
737,5,3,2026,14,46
738,5,3,2026,14,48
739,5,3,2026,16,12
740,6,3,2026,7,40
741,6,3,2026,9,4
742,6,3,2026,10,45
743,6,3,2026,10,46
744,6,3,2026,11,1
745,6,3,2026,11,13
746,6,3,2026,11,28
747,6,3,2026,13,18
748,6,3,2026,13,23
749,6,3,2026,13,33
750,6,3,2026,13,40
751,6,3,2026,13,41
752,6,3,2026,13,47
753,6,3,2026,14,2
754,6,3,2026,14,10
755,6,3,2026,14,20
756,6,3,2026,14,43
757,6,3,2026,14,57
758,6,3,2026,15,28
759,6,3,2026,15,36
760,6,3,2026,15,56
761,6,3,2026,16,34
762,9,3,2026,13,14
763,9,3,2026,13,18
764,9,3,2026,13,27
765,9,3,2026,13,34
766,9,3,2026,13,49
767,9,3,2026,13,53
768,9,3,2026,13,56
769,9,3,2026,13,57
770,9,3,2026,14,3
771,9,3,2026,14,11
772,9,3,2026,14,24
773,9,3,2026,14,27
774,9,3,2026,15,15
775,10,3,2026,7,41
776,10,3,2026,7,43
777,10,3,2026,7,54
778,10,3,2026,9,11
779,10,3,2026,9,45
780,10,3,2026,11,3
781,10,3,2026,11,11
782,10,3,2026,13,5
783,10,3,2026,13,8
784,10,3,2026,13,19
785,10,3,2026,14,35
786,10,3,2026,14,41
787,10,3,2026,15,2
788,11,3,2026,7,22
789,11,3,2026,7,28
790,11,3,2026,7,31
791,11,3,2026,9,57
792,11,3,2026,10,1
793,11,3,2026,10,53
794,11,3,2026,10,57
795,11,3,2026,11,24
796,11,3,2026,11,53
797,11,3,2026,13,10
798,11,3,2026,13,29
799,11,3,2026,14,11
800,11,3,2026,14,15
801,11,3,2026,14,36
802,11,3,2026,14,45
803,11,3,2026,14,55
804,12,3,2026,7,32
805,12,3,2026,9,45
806,12,3,2026,9,49
807,12,3,2026,10,4
808,12,3,2026,10,38
809,12,3,2026,13,44
810,12,3,2026,13,54
811,12,3,2026,13,55
812,12,3,2026,14,18
813,12,3,2026,14,24
814,12,3,2026,14,59
815,12,3,2026,15,34
816,12,3,2026,16,9
817,12,3,2026,16,34
818,13,3,2026,11,39
819,13,3,2026,11,44
820,13,3,2026,11,59
821,13,3,2026,13,22
822,13,3,2026,13,24
823,13,3,2026,13,51
824,13,3,2026,15,43
825,16,3,2026,8,29
826,16,3,2026,8,37
827,16,3,2026,8,38
828,16,3,2026,9,27
829,16,3,2026,9,28
830,16,3,2026,9,32
831,16,3,2026,10,27
832,16,3,2026,10,56
833,16,3,2026,13,23
834,16,3,2026,13,30
835,16,3,2026,13,53
836,16,3,2026,14,30
837,16,3,2026,14,49
838,16,3,2026,16,28
839,17,3,2026,8,5
840,17,3,2026,8,7
841,17,3,2026,11,13
842,17,3,2026,14,47
843,17,3,2026,16,4
844,17,3,2026,16,5
845,18,3,2026,7,29
846,18,3,2026,7,30
847,18,3,2026,9,22
848,18,3,2026,13,34
849,18,3,2026,14,8
850,18,3,2026,15,13
851,18,3,2026,15,21
852,18,3,2026,16,12
853,18,3,2026,16,43
854,19,3,2026,7,21
855,19,3,2026,7,48
856,19,3,2026,8,29
857,19,3,2026,9,28
858,19,3,2026,9,47
859,19,3,2026,13,51
860,19,3,2026,13,55
861,20,3,2026,7,39
862,20,3,2026,9,10
863,20,3,2026,10,8
864,20,3,2026,10,43
865,20,3,2026,11,10
866,20,3,2026,11,35
867,20,3,2026,13,23
868,20,3,2026,13,24
869,20,3,2026,14,37
870,23,3,2026,8,52
871,23,3,2026,8,54
872,23,3,2026,8,57
873,23,3,2026,11,3
874,23,3,2026,11,8
875,23,3,2026,11,12
876,23,3,2026,14,30
877,23,3,2026,16,0
878,23,3,2026,16,13
879,24,3,2026,8,5
880,24,3,2026,8,35
881,24,3,2026,8,52
882,24,3,2026,9,50
883,24,3,2026,11,21
884,24,3,2026,11,42
885,24,3,2026,11,54
886,24,3,2026,14,27
887,24,3,2026,14,59
888,24,3,2026,15,5
889,24,3,2026,15,59
890,25,3,2026,8,15
891,25,3,2026,8,17
892,25,3,2026,8,49
893,25,3,2026,13,40
894,25,3,2026,14,6
895,25,3,2026,15,14
896,25,3,2026,16,37
897,26,3,2026,7,46
898,26,3,2026,8,4
899,26,3,2026,9,12
900,26,3,2026,10,52
901,26,3,2026,11,2
902,26,3,2026,12,4
903,26,3,2026,13,28
904,26,3,2026,14,16
905,26,3,2026,14,54
906,26,3,2026,15,54
907,26,3,2026,16,6
908,27,3,2026,7,27
909,27,3,2026,7,39
910,27,3,2026,7,40
911,27,3,2026,9,15
912,27,3,2026,9,38
913,27,3,2026,10,21
914,27,3,2026,10,30
915,27,3,2026,13,4
916,27,3,2026,13,5
917,27,3,2026,13,28
918,27,3,2026,13,54
919,27,3,2026,14,8
920,27,3,2026,14,11
921,27,3,2026,14,14
922,27,3,2026,14,29
923,27,3,2026,14,30
924,27,3,2026,14,31
925,27,3,2026,14,37
926,27,3,2026,14,48
927,27,3,2026,15,53
928,27,3,2026,16,10
929,27,3,2026,16,19
930,27,3,2026,16,20
931,27,3,2026,16,22
932,6,4,2026,7,50
933,6,4,2026,7,52
934,6,4,2026,7,55
935,6,4,2026,9,21
936,6,4,2026,15,39
937,6,4,2026,16,2
938,6,4,2026,16,9
939,7,4,2026,9,0
940,7,4,2026,9,5
941,7,4,2026,9,27
942,7,4,2026,9,42
943,7,4,2026,9,53
944,7,4,2026,10,3
945,7,4,2026,10,57
946,7,4,2026,10,58
947,7,4,2026,10,59
948,7,4,2026,13,38
949,7,4,2026,14,30
950,7,4,2026,15,40
951,8,4,2026,7,26
952,8,4,2026,7,30
953,8,4,2026,7,45
954,8,4,2026,7,46
955,8,4,2026,7,56
956,8,4,2026,8,4
957,8,4,2026,10,0
958,8,4,2026,10,24
959,8,4,2026,13,33
960,8,4,2026,13,41
961,8,4,2026,15,30
962,8,4,2026,15,31
963,8,4,2026,16,13
964,8,4,2026,16,30
965,9,4,2026,7,35
966,9,4,2026,7,54
967,9,4,2026,7,55
968,9,4,2026,7,56
969,9,4,2026,9,2
970,9,4,2026,9,20
971,9,4,2026,9,25
972,9,4,2026,9,48
973,9,4,2026,9,53
974,9,4,2026,9,56
975,9,4,2026,10,6
976,9,4,2026,13,38
977,9,4,2026,13,52
978,9,4,2026,14,37
979,9,4,2026,15,37
980,9,4,2026,15,39
981,10,4,2026,7,47
982,10,4,2026,8,4
983,10,4,2026,10,24
984,10,4,2026,10,30
985,10,4,2026,11,6
986,10,4,2026,11,44
987,10,4,2026,11,50
988,10,4,2026,11,54
989,10,4,2026,11,55
990,10,4,2026,12,39
991,10,4,2026,13,6
992,10,4,2026,13,35
993,10,4,2026,14,22
994,10,4,2026,15,5
995,10,4,2026,15,58
996,10,4,2026,15,59
997,13,4,2026,11,0
998,13,4,2026,11,27
999,13,4,2026,11,28
1000,13,4,2026,11,40
1001,13,4,2026,11,48
1002,13,4,2026,13,17
1003,13,4,2026,13,19
1004,13,4,2026,14,21
1005,13,4,2026,14,35
1006,13,4,2026,14,42
1007,13,4,2026,15,19
1008,13,4,2026,15,44
1009,13,4,2026,15,48
1010,14,4,2026,7,41
1011,14,4,2026,7,42
1012,14,4,2026,7,46
1013,14,4,2026,7,51
1014,14,4,2026,7,54
1015,14,4,2026,9,8
1016,14,4,2026,9,25
1017,14,4,2026,10,50
1018,14,4,2026,13,59
1019,14,4,2026,14,3
1020,15,4,2026,7,33
1021,15,4,2026,9,58
1022,15,4,2026,10,20
1023,15,4,2026,10,24
1024,15,4,2026,13,7
1025,15,4,2026,13,13
1026,15,4,2026,13,37
1027,15,4,2026,13,43
1028,15,4,2026,14,8
1029,15,4,2026,14,11
1030,15,4,2026,14,25
1031,15,4,2026,14,43
1032,16,4,2026,7,31
1033,16,4,2026,7,48
1034,16,4,2026,7,57
1035,16,4,2026,8,10
1036,16,4,2026,8,21
1037,16,4,2026,10,44
1038,16,4,2026,14,53
1039,17,4,2026,7,46
1040,17,4,2026,7,48
1041,17,4,2026,7,51
1042,17,4,2026,9,6
1043,17,4,2026,9,37
1044,17,4,2026,10,47
1045,17,4,2026,11,10
1046,17,4,2026,11,28
1047,17,4,2026,11,40
1048,17,4,2026,14,47
1049,17,4,2026,14,51
1050,17,4,2026,14,54
1051,17,4,2026,15,13
1052,17,4,2026,16,0
1053,20,4,2026,9,45
1054,20,4,2026,10,25
1055,20,4,2026,10,35
1056,20,4,2026,11,23
1057,20,4,2026,13,2
1058,20,4,2026,14,40
1059,20,4,2026,15,29
1060,20,4,2026,16,6
1061,20,4,2026,16,10
1062,21,4,2026,7,49
1063,21,4,2026,7,52
1064,21,4,2026,9,4
1065,21,4,2026,14,2
1066,21,4,2026,14,12
1067,21,4,2026,14,21
1068,21,4,2026,15,25
1069,21,4,2026,15,35
1070,21,4,2026,15,49
1071,22,4,2026,8,51
1072,22,4,2026,9,22
1073,22,4,2026,10,5
1074,22,4,2026,10,37
1075,22,4,2026,13,13
1076,22,4,2026,13,45
1077,22,4,2026,14,50
1078,22,4,2026,14,51
1079,22,4,2026,14,53
1080,22,4,2026,15,15
1081,22,4,2026,15,30
1082,22,4,2026,15,31
1083,22,4,2026,15,41
1084,22,4,2026,15,45
1085,22,4,2026,15,46
1086,22,4,2026,16,18
1087,22,4,2026,16,24
1088,23,4,2026,7,35
1089,23,4,2026,7,41
1090,23,4,2026,7,52
1091,23,4,2026,8,4
1092,23,4,2026,10,3
1093,23,4,2026,10,32
1094,23,4,2026,10,54
1095,23,4,2026,13,9
1096,23,4,2026,13,18
1097,23,4,2026,13,36
1098,23,4,2026,15,13
1099,23,4,2026,16,22
1100,23,4,2026,16,25
1101,24,4,2026,7,48
1102,24,4,2026,7,57
1103,24,4,2026,7,58
1104,24,4,2026,8,9
1105,24,4,2026,9,10
1106,24,4,2026,9,18
1107,24,4,2026,9,24
1108,24,4,2026,9,36
1109,24,4,2026,9,42
1110,24,4,2026,9,44
1111,24,4,2026,10,0
1112,24,4,2026,10,4
1113,24,4,2026,10,5
1114,24,4,2026,10,7
1115,24,4,2026,10,8
1116,24,4,2026,10,11
1117,24,4,2026,11,39
1118,24,4,2026,14,2
1119,24,4,2026,14,18
1120,24,4,2026,15,41
1121,27,4,2026,7,54
1122,27,4,2026,7,55
1123,27,4,2026,7,59
1124,27,4,2026,8,1
1125,27,4,2026,8,45
1126,27,4,2026,8,46
1127,27,4,2026,8,49
1128,27,4,2026,8,55
1129,27,4,2026,11,50
1130,27,4,2026,13,52
1131,27,4,2026,14,59
1132,27,4,2026,15,58
1133,28,4,2026,7,44
1134,28,4,2026,7,45
1135,28,4,2026,8,43
1136,28,4,2026,10,38
1137,28,4,2026,10,49
1138,28,4,2026,10,50
1139,28,4,2026,10,51
1140,28,4,2026,11,0
1141,28,4,2026,11,23
1142,28,4,2026,11,40
1143,28,4,2026,11,54
1144,28,4,2026,14,22
1145,28,4,2026,14,27
1146,28,4,2026,14,44
1147,28,4,2026,14,45
1148,29,4,2026,7,45
1149,29,4,2026,9,24
1150,29,4,2026,10,22
1151,29,4,2026,11,5
1152,29,4,2026,11,34
1153,29,4,2026,11,50
1154,29,4,2026,13,9
1155,29,4,2026,13,10
1156,29,4,2026,13,36
1157,29,4,2026,13,37
1158,29,4,2026,13,58
1159,29,4,2026,14,2
1160,29,4,2026,15,38
1161,29,4,2026,15,41
1162,29,4,2026,16,25
1163,30,4,2026,7,32
1164,30,4,2026,8,45
1165,30,4,2026,9,21
1166,30,4,2026,9,41
1167,30,4,2026,9,57
1168,30,4,2026,12,2
1169,30,4,2026,13,11
1170,30,4,2026,13,43
1171,30,4,2026,14,25
1172,30,4,2026,15,18
1173,4,5,2026,7,43
1174,4,5,2026,7,53
1175,4,5,2026,7,56
1176,4,5,2026,8,6
1177,4,5,2026,11,18
1178,4,5,2026,11,29
1179,4,5,2026,11,30
1180,4,5,2026,13,47
1181,4,5,2026,13,48
1182,4,5,2026,13,49
1183,4,5,2026,13,51
1184,4,5,2026,14,12
1185,4,5,2026,14,41
1186,4,5,2026,16,30
1187,5,5,2026,7,50
1188,5,5,2026,9,4
1189,5,5,2026,9,8
1190,5,5,2026,9,15
1191,5,5,2026,9,36
1192,5,5,2026,9,43
1193,5,5,2026,9,56
1194,5,5,2026,10,35
1195,5,5,2026,13,19
1196,5,5,2026,14,52
1197,5,5,2026,15,25
1198,6,5,2026,7,49
1199,6,5,2026,7,55
1200,6,5,2026,8,43
1201,6,5,2026,9,11
1202,6,5,2026,10,59
1203,6,5,2026,11,11
1204,6,5,2026,13,51
1205,6,5,2026,15,10
1206,6,5,2026,15,50
1207,7,5,2026,7,34
1208,7,5,2026,9,27
1209,7,5,2026,11,12
1210,7,5,2026,11,30
1211,7,5,2026,11,34
1212,7,5,2026,13,12
1213,7,5,2026,13,13
1214,7,5,2026,15,6
1215,7,5,2026,16,4
1216,11,5,2026,8,49
1217,11,5,2026,8,57
1218,11,5,2026,9,1
1219,11,5,2026,9,5
1220,11,5,2026,9,9
1221,11,5,2026,9,20
1222,11,5,2026,9,23
1223,11,5,2026,9,29
1224,11,5,2026,10,36
1225,11,5,2026,10,38
1226,11,5,2026,11,3
1227,11,5,2026,11,18
1228,11,5,2026,13,11
1229,11,5,2026,13,19
1230,11,5,2026,14,47
1231,11,5,2026,15,11
1232,12,5,2026,7,37
1233,12,5,2026,7,42
1234,12,5,2026,7,56
1235,12,5,2026,7,59
1236,12,5,2026,8,14
1237,12,5,2026,8,19
1238,12,5,2026,8,25
1239,12,5,2026,9,6
1240,12,5,2026,9,14
1241,12,5,2026,9,26
1242,12,5,2026,9,28
1243,12,5,2026,9,39
1244,12,5,2026,11,13
1245,12,5,2026,11,16
1246,12,5,2026,13,31
1247,12,5,2026,14,45
1248,12,5,2026,14,59
1249,12,5,2026,15,53
1250,12,5,2026,16,4
1251,12,5,2026,16,19
1252,12,5,2026,16,21
1253,13,5,2026,7,40
1254,13,5,2026,7,42
1255,13,5,2026,8,26
1256,13,5,2026,8,28
1257,13,5,2026,8,55
1258,13,5,2026,10,24
