id_fecha_solicitud,dia,mes,anio,hora,minutos
1,4,12,2025,16,44
2,15,12,2025,11,21
3,15,12,2025,16,18
4,16,12,2025,10,20
5,18,12,2025,11,33
6,22,12,2025,13,30
7,29,12,2025,10,6
8,29,12,2025,13,0
9,29,12,2025,17,54
10,30,12,2025,14,37
11,2,1,2026,13,14
12,3,1,2026,10,38
13,3,1,2026,14,30
14,5,1,2026,7,49
15,5,1,2026,8,45
16,5,1,2026,12,28
17,5,1,2026,13,34
18,5,1,2026,13,35
19,5,1,2026,15,55
20,6,1,2026,19,56
21,7,1,2026,9,14
22,7,1,2026,16,11
23,8,1,2026,16,12
24,9,1,2026,14,51
25,12,1,2026,10,2
26,12,1,2026,13,44
27,12,1,2026,14,45
28,12,1,2026,16,10
29,13,1,2026,10,5
30,13,1,2026,21,3
31,14,1,2026,19,1
32,14,1,2026,22,11
33,15,1,2026,9,30
34,15,1,2026,14,6
35,16,1,2026,8,50
36,16,1,2026,9,38
37,16,1,2026,14,5
38,16,1,2026,19,3
39,19,1,2026,7,34
40,19,1,2026,8,11
41,19,1,2026,8,42
42,19,1,2026,9,13
43,19,1,2026,9,46
44,19,1,2026,10,53
45,19,1,2026,10,56
46,19,1,2026,11,17
47,19,1,2026,11,36
48,19,1,2026,11,39
49,19,1,2026,12,10
50,19,1,2026,13,47
51,19,1,2026,14,42
52,19,1,2026,16,12
53,19,1,2026,16,39
54,19,1,2026,21,2
55,20,1,2026,8,34
56,20,1,2026,8,41
57,20,1,2026,8,51
58,20,1,2026,9,16
59,20,1,2026,14,33
60,20,1,2026,15,42
61,20,1,2026,16,33
62,20,1,2026,18,49
63,20,1,2026,22,26
64,21,1,2026,7,41
65,21,1,2026,9,46
66,21,1,2026,9,54
67,21,1,2026,10,18
68,21,1,2026,10,22
69,21,1,2026,12,17
70,21,1,2026,12,20
71,21,1,2026,14,36
72,21,1,2026,14,49
73,21,1,2026,16,12
74,21,1,2026,18,46
75,21,1,2026,18,49
76,21,1,2026,19,45
77,22,1,2026,7,30
78,22,1,2026,7,45
79,22,1,2026,8,11
80,22,1,2026,9,0
81,22,1,2026,9,32
82,22,1,2026,9,39
83,22,1,2026,11,37
84,22,1,2026,16,8
85,22,1,2026,16,33
86,22,1,2026,16,34
87,22,1,2026,20,31
88,22,1,2026,20,51
89,22,1,2026,20,54
90,23,1,2026,9,10
91,23,1,2026,10,18
92,23,1,2026,11,53
93,23,1,2026,14,23
94,23,1,2026,14,56
95,23,1,2026,15,6
96,23,1,2026,15,52
97,24,1,2026,12,19
98,25,1,2026,10,28
99,26,1,2026,0,2
100,26,1,2026,7,41
101,26,1,2026,8,17
102,26,1,2026,8,19
103,26,1,2026,8,21
104,26,1,2026,8,25
105,26,1,2026,8,26
106,26,1,2026,9,0
107,26,1,2026,9,28
108,26,1,2026,9,32
109,26,1,2026,9,53
110,26,1,2026,10,1
111,26,1,2026,10,32
112,26,1,2026,10,40
113,26,1,2026,11,20
114,26,1,2026,11,50
115,26,1,2026,13,21
116,26,1,2026,14,35
117,26,1,2026,15,59
118,26,1,2026,20,49
119,27,1,2026,7,42
120,27,1,2026,9,27
121,27,1,2026,11,20
122,27,1,2026,12,12
123,27,1,2026,12,52
124,27,1,2026,13,3
125,27,1,2026,13,18
126,27,1,2026,13,27
127,27,1,2026,13,38
128,27,1,2026,13,56
129,27,1,2026,14,43
130,27,1,2026,15,13
131,27,1,2026,15,57
132,27,1,2026,18,38
133,27,1,2026,19,28
134,27,1,2026,20,3
135,28,1,2026,9,8
136,28,1,2026,9,47
137,28,1,2026,11,18
138,28,1,2026,11,39
139,28,1,2026,13,41
140,28,1,2026,14,49
141,28,1,2026,15,10
142,28,1,2026,19,29
143,28,1,2026,21,20
144,29,1,2026,0,9
145,29,1,2026,8,48
146,29,1,2026,9,26
147,29,1,2026,9,42
148,29,1,2026,10,4
149,29,1,2026,10,27
150,29,1,2026,11,35
151,29,1,2026,11,37
152,29,1,2026,12,0
153,29,1,2026,13,39
154,29,1,2026,13,58
155,29,1,2026,14,33
156,29,1,2026,15,40
157,29,1,2026,16,40
158,30,1,2026,7,45
159,30,1,2026,8,31
160,30,1,2026,8,53
161,30,1,2026,10,0
162,30,1,2026,10,18
163,30,1,2026,10,24
164,30,1,2026,10,50
165,30,1,2026,11,7
166,30,1,2026,11,54
167,30,1,2026,14,54
168,2,2,2026,7,58
169,2,2,2026,8,11
170,2,2,2026,10,58
171,2,2,2026,11,23
172,2,2,2026,12,37
173,2,2,2026,12,49
174,2,2,2026,13,6
175,2,2,2026,13,57
176,2,2,2026,15,3
177,2,2,2026,15,7
178,2,2,2026,15,10
179,2,2,2026,15,15
180,2,2,2026,15,34
181,2,2,2026,16,18
182,2,2,2026,18,2
183,3,2,2026,7,46
184,3,2,2026,8,51
185,3,2,2026,9,28
186,3,2,2026,11,24
187,3,2,2026,11,35
188,3,2,2026,11,48
189,3,2,2026,13,48
190,3,2,2026,13,49
191,3,2,2026,14,36
192,3,2,2026,14,44
193,3,2,2026,15,13
194,3,2,2026,17,26
195,3,2,2026,18,16
196,3,2,2026,20,17
197,4,2,2026,8,3
198,4,2,2026,8,43
199,4,2,2026,8,46
200,4,2,2026,11,48
201,4,2,2026,12,10
202,4,2,2026,12,52
203,4,2,2026,13,3
204,4,2,2026,13,49
205,4,2,2026,14,17
206,4,2,2026,14,53
207,4,2,2026,15,27
208,4,2,2026,16,40
209,4,2,2026,16,47
210,4,2,2026,17,43
211,4,2,2026,19,51
212,4,2,2026,20,12
213,5,2,2026,10,27
214,5,2,2026,10,42
215,5,2,2026,11,23
216,5,2,2026,11,27
217,5,2,2026,13,4
218,5,2,2026,13,39
219,5,2,2026,13,50
220,5,2,2026,15,17
221,5,2,2026,15,24
222,5,2,2026,15,28
223,5,2,2026,15,34
224,5,2,2026,16,5
225,5,2,2026,16,17
226,5,2,2026,16,24
227,5,2,2026,16,32
228,5,2,2026,17,26
229,6,2,2026,7,45
230,6,2,2026,9,8
231,6,2,2026,10,48
232,6,2,2026,12,15
233,6,2,2026,12,42
234,6,2,2026,13,48
235,6,2,2026,13,53
236,6,2,2026,14,12
237,6,2,2026,15,19
238,6,2,2026,16,24
239,6,2,2026,19,53
240,6,2,2026,19,59
241,7,2,2026,17,34
242,8,2,2026,15,18
243,9,2,2026,6,39
244,9,2,2026,9,21
245,9,2,2026,10,20
246,9,2,2026,10,35
247,9,2,2026,11,59
248,9,2,2026,12,5
249,9,2,2026,12,7
250,9,2,2026,12,8
251,9,2,2026,12,30
252,9,2,2026,12,35
253,9,2,2026,12,58
254,9,2,2026,13,42
255,9,2,2026,13,51
256,9,2,2026,14,7
257,9,2,2026,15,13
258,9,2,2026,15,16
259,9,2,2026,15,19
260,9,2,2026,15,20
261,9,2,2026,15,21
262,9,2,2026,15,28
263,9,2,2026,15,48
264,9,2,2026,15,52
265,9,2,2026,16,25
266,9,2,2026,16,32
267,9,2,2026,17,2
268,9,2,2026,17,29
269,9,2,2026,17,38
270,9,2,2026,20,40
271,10,2,2026,7,44
272,10,2,2026,8,36
273,10,2,2026,8,37
274,10,2,2026,8,38
275,10,2,2026,8,47
276,10,2,2026,9,0
277,10,2,2026,9,4
278,10,2,2026,9,12
279,10,2,2026,9,41
280,10,2,2026,9,50
281,10,2,2026,9,54
282,10,2,2026,9,57
283,10,2,2026,10,16
284,10,2,2026,10,38
285,10,2,2026,10,41
286,10,2,2026,11,5
287,10,2,2026,11,22
288,10,2,2026,11,41
289,10,2,2026,13,26
290,10,2,2026,13,40
291,10,2,2026,13,48
292,10,2,2026,14,11
293,10,2,2026,14,18
294,10,2,2026,14,25
295,10,2,2026,14,29
296,10,2,2026,14,55
297,10,2,2026,15,12
298,10,2,2026,15,13
299,10,2,2026,15,27
300,10,2,2026,15,34
301,10,2,2026,15,37
302,10,2,2026,15,58
303,10,2,2026,16,6
304,10,2,2026,17,11
305,10,2,2026,17,20
306,10,2,2026,18,10
307,10,2,2026,18,14
308,10,2,2026,21,19
309,10,2,2026,21,42
310,11,2,2026,8,5
311,11,2,2026,8,44
312,11,2,2026,9,1
313,11,2,2026,9,42
314,11,2,2026,10,41
315,11,2,2026,10,57
316,11,2,2026,10,58
317,11,2,2026,12,11
318,11,2,2026,12,56
319,11,2,2026,13,28
320,11,2,2026,13,31
321,11,2,2026,14,9
322,11,2,2026,14,24
323,11,2,2026,15,34
324,11,2,2026,15,36
325,11,2,2026,16,2
326,11,2,2026,16,13
327,11,2,2026,16,31
328,11,2,2026,16,53
329,11,2,2026,17,22
330,11,2,2026,17,34
331,11,2,2026,18,57
332,11,2,2026,19,50
333,11,2,2026,23,23
334,12,2,2026,7,25
335,12,2,2026,7,30
336,12,2,2026,8,10
337,12,2,2026,8,47
338,12,2,2026,8,58
339,12,2,2026,9,14
340,12,2,2026,9,31
341,12,2,2026,9,57
342,12,2,2026,10,6
343,12,2,2026,10,56
344,12,2,2026,11,39
345,12,2,2026,12,2
346,12,2,2026,12,21
347,12,2,2026,12,51
348,12,2,2026,13,27
349,12,2,2026,13,52
350,12,2,2026,14,10
351,12,2,2026,14,37
352,12,2,2026,15,0
353,12,2,2026,15,7
354,12,2,2026,15,22
355,12,2,2026,15,33
356,12,2,2026,15,52
357,12,2,2026,16,16
358,12,2,2026,18,35
359,12,2,2026,19,10
360,12,2,2026,20,42
361,12,2,2026,21,5
362,13,2,2026,1,43
363,13,2,2026,6,14
364,13,2,2026,7,56
365,13,2,2026,8,25
366,13,2,2026,8,37
367,13,2,2026,8,44
368,13,2,2026,9,11
369,13,2,2026,9,14
370,13,2,2026,9,30
371,13,2,2026,10,13
372,13,2,2026,10,18
373,13,2,2026,10,32
374,13,2,2026,10,52
375,13,2,2026,11,7
376,13,2,2026,11,24
377,13,2,2026,11,31
378,13,2,2026,11,35
379,13,2,2026,11,40
380,13,2,2026,12,0
381,13,2,2026,12,1
382,13,2,2026,12,8
383,13,2,2026,12,17
384,13,2,2026,12,24
385,13,2,2026,12,36
386,13,2,2026,13,28
387,13,2,2026,13,35
388,13,2,2026,13,56
389,13,2,2026,14,0
390,13,2,2026,14,2
391,13,2,2026,14,3
392,13,2,2026,14,16
393,13,2,2026,14,23
394,13,2,2026,14,30
395,13,2,2026,14,34
396,13,2,2026,15,11
397,13,2,2026,15,45
398,13,2,2026,16,30
399,13,2,2026,16,31
400,13,2,2026,16,36
401,13,2,2026,17,45
402,13,2,2026,23,25
403,14,2,2026,9,56
404,14,2,2026,19,21
405,14,2,2026,19,37
406,15,2,2026,11,21
407,15,2,2026,11,27
408,15,2,2026,14,17
409,15,2,2026,14,57
410,15,2,2026,15,4
411,15,2,2026,17,43
412,16,2,2026,0,16
413,16,2,2026,7,3
414,16,2,2026,7,25
415,16,2,2026,7,30
416,16,2,2026,7,37
417,16,2,2026,7,42
418,16,2,2026,7,49
419,16,2,2026,7,59
420,16,2,2026,8,11
421,16,2,2026,8,18
422,16,2,2026,8,23
423,16,2,2026,8,28
424,16,2,2026,8,32
425,16,2,2026,8,40
426,16,2,2026,8,48
427,16,2,2026,8,52
428,16,2,2026,8,55
429,16,2,2026,8,59
430,16,2,2026,9,0
431,16,2,2026,9,24
432,16,2,2026,9,28
433,16,2,2026,9,37
434,16,2,2026,9,39
435,16,2,2026,9,50
436,16,2,2026,9,55
437,16,2,2026,10,33
438,16,2,2026,10,36
439,16,2,2026,11,0
440,16,2,2026,11,14
441,16,2,2026,11,23
442,16,2,2026,11,24
443,16,2,2026,12,24
444,16,2,2026,12,40
445,16,2,2026,12,44
446,16,2,2026,12,46
447,16,2,2026,12,48
448,16,2,2026,13,33
449,16,2,2026,14,4
450,16,2,2026,14,19
451,16,2,2026,14,31
452,16,2,2026,14,49
453,16,2,2026,14,51
454,16,2,2026,15,4
455,16,2,2026,15,24
456,16,2,2026,15,40
457,16,2,2026,15,55
458,16,2,2026,15,59
459,16,2,2026,16,2
460,16,2,2026,16,14
461,16,2,2026,16,26
462,16,2,2026,16,32
463,16,2,2026,16,43
464,16,2,2026,16,46
465,16,2,2026,17,25
466,16,2,2026,18,15
467,16,2,2026,18,53
468,16,2,2026,19,32
469,16,2,2026,19,48
470,16,2,2026,19,59
471,16,2,2026,22,13
472,17,2,2026,4,42
473,17,2,2026,7,42
474,17,2,2026,8,41
475,17,2,2026,9,10
476,17,2,2026,9,21
477,17,2,2026,9,51
478,17,2,2026,10,10
479,17,2,2026,10,18
480,17,2,2026,10,42
481,17,2,2026,10,46
482,17,2,2026,11,12
483,17,2,2026,11,13
484,17,2,2026,11,21
485,17,2,2026,11,30
486,17,2,2026,11,34
487,17,2,2026,12,1
488,17,2,2026,12,10
489,17,2,2026,12,55
490,17,2,2026,13,4
491,17,2,2026,13,10
492,17,2,2026,13,22
493,17,2,2026,13,39
494,17,2,2026,13,49
495,17,2,2026,13,51
496,17,2,2026,13,59
497,17,2,2026,14,14
498,17,2,2026,14,20
499,17,2,2026,14,32
500,17,2,2026,15,38
501,17,2,2026,15,39
502,17,2,2026,15,42
503,17,2,2026,16,24
504,17,2,2026,17,30
505,17,2,2026,19,21
506,17,2,2026,20,9
507,17,2,2026,20,24
508,17,2,2026,20,39
509,17,2,2026,20,42
510,18,2,2026,4,1
511,18,2,2026,7,21
512,18,2,2026,7,59
513,18,2,2026,8,0
514,18,2,2026,8,24
515,18,2,2026,8,32
516,18,2,2026,8,33
517,18,2,2026,9,0
518,18,2,2026,9,6
519,18,2,2026,9,29
520,18,2,2026,9,34
521,18,2,2026,9,57
522,18,2,2026,10,6
523,18,2,2026,10,32
524,18,2,2026,11,0
525,18,2,2026,11,1
526,18,2,2026,11,6
527,18,2,2026,11,8
528,18,2,2026,11,9
529,18,2,2026,11,13
530,18,2,2026,11,58
531,18,2,2026,13,0
532,18,2,2026,13,9
533,18,2,2026,13,36
534,18,2,2026,13,39
535,18,2,2026,13,53
536,18,2,2026,14,8
537,18,2,2026,15,5
538,18,2,2026,15,9
539,18,2,2026,15,59
540,18,2,2026,16,4
541,18,2,2026,16,11
542,18,2,2026,16,44
543,18,2,2026,16,48
544,18,2,2026,17,18
545,19,2,2026,9,47
546,19,2,2026,10,11
547,19,2,2026,10,21
548,19,2,2026,11,8
549,19,2,2026,11,15
550,19,2,2026,11,22
551,19,2,2026,11,39
552,19,2,2026,11,46
553,19,2,2026,12,5
554,19,2,2026,13,22
555,19,2,2026,13,45
556,19,2,2026,14,0
557,19,2,2026,14,2
558,19,2,2026,14,18
559,19,2,2026,14,34
560,19,2,2026,14,40
561,19,2,2026,14,45
562,19,2,2026,15,14
563,19,2,2026,15,40
564,19,2,2026,19,20
565,19,2,2026,19,45
566,19,2,2026,23,23
567,20,2,2026,7,26
568,20,2,2026,7,27
569,20,2,2026,7,44
570,20,2,2026,8,15
571,20,2,2026,8,37
572,20,2,2026,8,43
573,20,2,2026,10,46
574,20,2,2026,10,53
575,20,2,2026,11,18
576,20,2,2026,11,38
577,20,2,2026,11,59
578,20,2,2026,13,1
579,20,2,2026,13,31
580,20,2,2026,13,39
581,20,2,2026,14,1
582,20,2,2026,14,2
583,20,2,2026,14,8
584,20,2,2026,14,23
585,20,2,2026,14,24
586,20,2,2026,14,26
587,20,2,2026,14,29
588,20,2,2026,14,47
589,20,2,2026,14,54
590,20,2,2026,15,4
591,20,2,2026,15,6
592,20,2,2026,15,54
593,20,2,2026,16,15
594,20,2,2026,16,18
595,20,2,2026,16,43
596,20,2,2026,16,45
597,20,2,2026,17,18
598,21,2,2026,13,42
599,21,2,2026,17,41
600,22,2,2026,13,38
601,22,2,2026,14,30
602,22,2,2026,16,27
603,22,2,2026,17,42
604,23,2,2026,6,5
605,23,2,2026,7,44
606,23,2,2026,7,55
607,23,2,2026,8,0
608,23,2,2026,8,1
609,23,2,2026,8,12
610,23,2,2026,8,14
611,23,2,2026,8,18
612,23,2,2026,8,46
613,23,2,2026,9,6
614,23,2,2026,9,12
615,23,2,2026,10,8
616,23,2,2026,10,25
617,23,2,2026,10,43
618,23,2,2026,11,55
619,23,2,2026,12,19
620,23,2,2026,13,10
621,23,2,2026,13,42
622,23,2,2026,13,51
623,23,2,2026,13,57
624,23,2,2026,14,7
625,23,2,2026,14,46
626,23,2,2026,15,6
627,23,2,2026,15,11
628,23,2,2026,15,12
629,23,2,2026,15,47
630,23,2,2026,16,3
631,23,2,2026,16,5
632,23,2,2026,16,33
633,23,2,2026,17,45
634,23,2,2026,18,34
635,23,2,2026,18,40
636,23,2,2026,20,58
637,23,2,2026,21,45
638,24,2,2026,9,5
639,24,2,2026,9,55
640,24,2,2026,9,58
641,24,2,2026,10,6
642,24,2,2026,10,24
643,24,2,2026,10,28
644,24,2,2026,11,24
645,24,2,2026,11,51
646,24,2,2026,12,29
647,24,2,2026,13,15
648,24,2,2026,13,34
649,24,2,2026,14,13
650,24,2,2026,19,20
651,24,2,2026,19,24
652,25,2,2026,6,52
653,25,2,2026,7,43
654,25,2,2026,8,3
655,25,2,2026,9,3
656,25,2,2026,9,13
657,25,2,2026,9,28
658,25,2,2026,9,32
659,25,2,2026,10,2
660,25,2,2026,10,43
661,25,2,2026,10,54
662,25,2,2026,11,14
663,25,2,2026,11,15
664,25,2,2026,11,20
665,25,2,2026,11,49
666,25,2,2026,11,57
667,25,2,2026,12,49
668,25,2,2026,13,20
669,25,2,2026,13,57
670,25,2,2026,14,8
671,25,2,2026,14,10
672,25,2,2026,14,42
673,25,2,2026,17,18
674,25,2,2026,18,40
675,25,2,2026,20,33
676,25,2,2026,20,37
677,25,2,2026,21,32
678,26,2,2026,8,51
679,26,2,2026,9,45
680,26,2,2026,10,13
681,26,2,2026,12,4
682,26,2,2026,13,21
683,26,2,2026,13,51
684,26,2,2026,14,3
685,26,2,2026,16,39
686,26,2,2026,16,43
687,26,2,2026,18,30
688,26,2,2026,18,57
689,26,2,2026,20,7
690,26,2,2026,20,43
691,27,2,2026,8,29
692,27,2,2026,8,55
693,27,2,2026,9,27
694,27,2,2026,9,34
695,27,2,2026,9,56
696,27,2,2026,11,51
697,27,2,2026,12,25
698,27,2,2026,12,49
699,27,2,2026,13,42
700,27,2,2026,17,30
701,2,3,2026,8,22
702,2,3,2026,8,43
703,2,3,2026,10,48
704,2,3,2026,11,51
705,2,3,2026,12,56
706,2,3,2026,13,27
707,2,3,2026,14,1
708,2,3,2026,14,12
709,2,3,2026,14,24
710,2,3,2026,14,35
711,2,3,2026,15,34
712,2,3,2026,16,24
713,2,3,2026,16,25
714,2,3,2026,16,43
715,2,3,2026,17,18
716,2,3,2026,17,47
717,2,3,2026,20,36
718,3,3,2026,7,18
719,3,3,2026,10,45
720,3,3,2026,10,46
721,3,3,2026,10,49
722,3,3,2026,10,54
723,3,3,2026,14,15
724,3,3,2026,14,22
725,3,3,2026,14,35
726,3,3,2026,14,59
727,3,3,2026,15,4
728,3,3,2026,15,22
729,3,3,2026,15,23
730,3,3,2026,16,32
731,3,3,2026,18,19
732,4,3,2026,7,46
733,4,3,2026,8,48
734,4,3,2026,9,3
735,4,3,2026,9,58
736,4,3,2026,10,8
737,4,3,2026,10,31
738,4,3,2026,11,8
739,4,3,2026,11,32
740,4,3,2026,11,34
741,4,3,2026,11,35
742,4,3,2026,11,46
743,4,3,2026,11,47
744,4,3,2026,11,51
745,4,3,2026,12,9
746,4,3,2026,13,10
747,4,3,2026,13,50
748,4,3,2026,13,57
749,4,3,2026,14,41
750,4,3,2026,14,48
751,4,3,2026,15,32
752,4,3,2026,16,47
753,4,3,2026,18,21
754,4,3,2026,20,41
755,5,3,2026,7,46
756,5,3,2026,8,15
757,5,3,2026,8,17
758,5,3,2026,9,8
759,5,3,2026,10,24
760,5,3,2026,10,36
761,5,3,2026,11,34
762,5,3,2026,12,22
763,5,3,2026,12,39
764,5,3,2026,13,14
765,5,3,2026,14,39
766,5,3,2026,14,44
767,5,3,2026,16,0
768,5,3,2026,22,52
769,6,3,2026,1,2
770,6,3,2026,8,26
771,6,3,2026,8,57
772,6,3,2026,9,28
773,6,3,2026,9,50
774,6,3,2026,10,16
775,6,3,2026,10,53
776,6,3,2026,11,38
777,6,3,2026,11,52
778,6,3,2026,13,23
779,6,3,2026,13,24
780,6,3,2026,13,47
781,6,3,2026,14,7
782,6,3,2026,14,31
783,6,3,2026,14,50
784,6,3,2026,15,9
785,6,3,2026,15,10
786,6,3,2026,15,48
787,6,3,2026,16,17
788,6,3,2026,16,56
789,7,3,2026,12,16
790,7,3,2026,18,0
791,7,3,2026,18,46
792,8,3,2026,10,0
793,9,3,2026,7,42
794,9,3,2026,7,57
795,9,3,2026,8,9
796,9,3,2026,9,41
797,9,3,2026,9,49
798,9,3,2026,10,22
799,9,3,2026,10,59
800,9,3,2026,11,49
801,9,3,2026,12,44
802,9,3,2026,13,42
803,9,3,2026,13,49
804,9,3,2026,14,50
805,9,3,2026,15,11
806,9,3,2026,18,44
807,10,3,2026,9,40
808,10,3,2026,9,45
809,10,3,2026,12,6
810,10,3,2026,13,19
811,10,3,2026,13,21
812,10,3,2026,13,37
813,10,3,2026,13,47
814,10,3,2026,13,48
815,10,3,2026,13,59
816,10,3,2026,15,50
817,10,3,2026,15,57
818,10,3,2026,19,44
819,10,3,2026,21,14
820,11,3,2026,8,14
821,11,3,2026,8,59
822,11,3,2026,9,28
823,11,3,2026,10,3
824,11,3,2026,10,5
825,11,3,2026,11,20
826,11,3,2026,11,26
827,11,3,2026,11,42
828,11,3,2026,12,44
829,11,3,2026,14,32
830,11,3,2026,14,36
831,11,3,2026,21,51
832,12,3,2026,7,32
833,12,3,2026,9,28
834,12,3,2026,9,45
835,12,3,2026,10,11
836,12,3,2026,11,40
837,12,3,2026,13,33
838,12,3,2026,13,51
839,12,3,2026,13,55
840,12,3,2026,14,24
841,12,3,2026,14,26
842,12,3,2026,14,43
843,12,3,2026,16,25
844,12,3,2026,17,47
845,12,3,2026,19,40
846,12,3,2026,23,28
847,13,3,2026,8,14
848,13,3,2026,8,50
849,13,3,2026,10,29
850,13,3,2026,15,22
851,13,3,2026,15,31
852,13,3,2026,15,40
853,13,3,2026,16,10
854,14,3,2026,12,6
855,14,3,2026,19,53
856,15,3,2026,10,41
857,16,3,2026,6,27
858,16,3,2026,9,5
859,16,3,2026,9,18
860,16,3,2026,9,51
861,16,3,2026,10,9
862,16,3,2026,10,26
863,16,3,2026,11,17
864,16,3,2026,13,24
865,16,3,2026,13,58
866,16,3,2026,16,19
867,16,3,2026,16,21
868,17,3,2026,7,50
869,17,3,2026,13,43
870,17,3,2026,14,34
871,17,3,2026,15,22
872,17,3,2026,15,27
873,17,3,2026,17,15
874,18,3,2026,8,38
875,18,3,2026,10,17
876,18,3,2026,11,53
877,18,3,2026,12,8
878,18,3,2026,13,34
879,18,3,2026,13,39
880,18,3,2026,13,58
881,18,3,2026,15,13
882,18,3,2026,16,12
883,18,3,2026,16,27
884,18,3,2026,16,59
885,18,3,2026,17,2
886,19,3,2026,8,0
887,19,3,2026,8,4
888,19,3,2026,8,16
889,20,3,2026,8,13
890,20,3,2026,8,42
891,20,3,2026,10,18
892,20,3,2026,10,23
893,20,3,2026,11,35
894,20,3,2026,13,11
895,20,3,2026,13,12
896,20,3,2026,13,23
897,23,3,2026,8,15
898,23,3,2026,8,38
899,23,3,2026,8,40
900,23,3,2026,8,41
901,23,3,2026,8,50
902,23,3,2026,10,8
903,23,3,2026,10,42
904,23,3,2026,12,2
905,23,3,2026,13,40
906,23,3,2026,14,44
907,23,3,2026,19,17
908,24,3,2026,8,6
909,24,3,2026,8,47
910,24,3,2026,9,21
911,24,3,2026,9,35
912,24,3,2026,10,19
913,24,3,2026,10,37
914,24,3,2026,13,50
915,24,3,2026,13,53
916,24,3,2026,14,47
917,24,3,2026,14,57
918,24,3,2026,14,59
919,24,3,2026,15,28
920,24,3,2026,15,39
921,24,3,2026,15,41
922,24,3,2026,19,10
923,25,3,2026,8,31
924,25,3,2026,10,26
925,25,3,2026,12,7
926,25,3,2026,14,31
927,25,3,2026,14,50
928,25,3,2026,15,21
929,25,3,2026,16,8
930,25,3,2026,17,48
931,25,3,2026,20,42
932,26,3,2026,7,59
933,26,3,2026,9,11
934,26,3,2026,10,15
935,26,3,2026,10,34
936,26,3,2026,11,41
937,26,3,2026,13,40
938,26,3,2026,15,40
939,26,3,2026,15,45
940,26,3,2026,16,6
941,26,3,2026,16,29
942,26,3,2026,18,54
943,27,3,2026,7,54
944,27,3,2026,9,29
945,27,3,2026,10,15
946,27,3,2026,11,16
947,27,3,2026,11,25
948,27,3,2026,11,38
949,27,3,2026,13,22
950,27,3,2026,13,26
951,27,3,2026,13,40
952,27,3,2026,13,54
953,27,3,2026,14,6
954,27,3,2026,14,9
955,27,3,2026,14,24
956,27,3,2026,14,28
957,27,3,2026,14,37
958,27,3,2026,14,57
959,27,3,2026,15,6
960,27,3,2026,15,12
961,27,3,2026,15,18
962,27,3,2026,15,52
963,27,3,2026,18,15
964,27,3,2026,19,24
965,5,4,2026,18,2
966,6,4,2026,7,47
967,6,4,2026,7,51
968,6,4,2026,11,3
969,6,4,2026,14,36
970,6,4,2026,15,10
971,6,4,2026,16,9
972,6,4,2026,19,39
973,7,4,2026,8,51
974,7,4,2026,8,54
975,7,4,2026,9,5
976,7,4,2026,9,11
977,7,4,2026,9,31
978,7,4,2026,9,53
979,7,4,2026,9,58
980,7,4,2026,12,3
981,7,4,2026,13,14
982,7,4,2026,14,43
983,7,4,2026,15,36
984,7,4,2026,15,53
985,7,4,2026,16,24
986,7,4,2026,16,25
987,7,4,2026,16,27
988,7,4,2026,19,12
989,7,4,2026,19,28
990,7,4,2026,20,34
991,8,4,2026,8,7
992,8,4,2026,10,33
993,8,4,2026,11,51
994,8,4,2026,12,15
995,8,4,2026,14,3
996,8,4,2026,16,19
997,8,4,2026,17,4
998,8,4,2026,18,1
999,9,4,2026,3,54
1000,9,4,2026,3,57
1001,9,4,2026,4,2
1002,9,4,2026,7,33
1003,9,4,2026,7,50
1004,9,4,2026,9,22
1005,9,4,2026,9,25
1006,9,4,2026,9,46
1007,9,4,2026,9,47
1008,9,4,2026,14,25
1009,9,4,2026,15,39
1010,9,4,2026,16,27
1011,9,4,2026,21,34
1012,9,4,2026,21,58
1013,10,4,2026,8,49
1014,10,4,2026,9,53
1015,10,4,2026,10,6
1016,10,4,2026,10,16
1017,10,4,2026,11,6
1018,10,4,2026,11,40
1019,10,4,2026,11,42
1020,10,4,2026,11,55
1021,10,4,2026,11,59
1022,10,4,2026,13,35
1023,10,4,2026,13,57
1024,10,4,2026,14,10
1025,10,4,2026,15,1
1026,13,4,2026,8,24
1027,13,4,2026,9,40
1028,13,4,2026,10,47
1029,13,4,2026,10,58
1030,13,4,2026,10,59
1031,13,4,2026,11,5
1032,13,4,2026,11,40
1033,13,4,2026,12,3
1034,13,4,2026,12,54
1035,13,4,2026,13,54
1036,13,4,2026,14,33
1037,13,4,2026,15,19
1038,13,4,2026,15,31
1039,13,4,2026,15,44
1040,13,4,2026,16,25
1041,13,4,2026,16,47
1042,13,4,2026,19,37
1043,13,4,2026,20,24
1044,13,4,2026,20,27
1045,13,4,2026,21,4
1046,14,4,2026,7,30
1047,14,4,2026,10,35
1048,14,4,2026,12,3
1049,14,4,2026,13,54
1050,14,4,2026,16,41
1051,14,4,2026,17,57
1052,14,4,2026,18,0
1053,14,4,2026,18,19
1054,15,4,2026,9,58
1055,15,4,2026,10,14
1056,15,4,2026,13,13
1057,15,4,2026,13,15
1058,15,4,2026,13,26
1059,15,4,2026,13,33
1060,15,4,2026,13,51
1061,15,4,2026,13,59
1062,15,4,2026,14,2
1063,15,4,2026,14,17
1064,15,4,2026,16,5
1065,15,4,2026,17,37
1066,16,4,2026,7,44
1067,16,4,2026,7,54
1068,16,4,2026,8,5
1069,16,4,2026,10,29
1070,16,4,2026,12,43
1071,16,4,2026,14,49
1072,16,4,2026,14,53
1073,16,4,2026,19,27
1074,16,4,2026,19,29
1075,16,4,2026,21,52
1076,16,4,2026,21,57
1077,17,4,2026,2,15
1078,17,4,2026,9,44
1079,17,4,2026,9,45
1080,17,4,2026,9,49
1081,17,4,2026,11,10
1082,17,4,2026,11,13
1083,17,4,2026,13,28
1084,17,4,2026,14,0
1085,17,4,2026,14,59
1086,17,4,2026,16,56
1087,20,4,2026,8,48
1088,20,4,2026,8,54
1089,20,4,2026,9,49
1090,20,4,2026,11,1
1091,20,4,2026,14,2
1092,20,4,2026,15,29
1093,20,4,2026,16,30
1094,20,4,2026,17,24
1095,21,4,2026,9,13
1096,21,4,2026,12,3
1097,21,4,2026,13,37
1098,21,4,2026,14,16
1099,21,4,2026,14,48
1100,21,4,2026,16,8
1101,21,4,2026,16,26
1102,22,4,2026,8,37
1103,22,4,2026,9,17
1104,22,4,2026,10,25
1105,22,4,2026,12,10
1106,22,4,2026,12,54
1107,22,4,2026,13,45
1108,22,4,2026,14,29
1109,22,4,2026,14,33
1110,22,4,2026,14,49
1111,22,4,2026,15,18
1112,22,4,2026,15,22
1113,22,4,2026,15,28
1114,22,4,2026,15,29
1115,22,4,2026,15,38
1116,22,4,2026,15,41
1117,22,4,2026,16,18
1118,22,4,2026,16,30
1119,22,4,2026,17,49
1120,22,4,2026,18,16
1121,23,4,2026,7,49
1122,23,4,2026,8,53
1123,23,4,2026,9,1
1124,23,4,2026,9,41
1125,23,4,2026,10,25
1126,23,4,2026,11,55
1127,23,4,2026,12,56
1128,23,4,2026,15,10
1129,23,4,2026,15,48
1130,23,4,2026,15,53
1131,23,4,2026,16,13
1132,23,4,2026,16,18
1133,23,4,2026,16,43
1134,23,4,2026,16,52
1135,24,4,2026,8,11
1136,24,4,2026,8,18
1137,24,4,2026,8,28
1138,24,4,2026,8,58
1139,24,4,2026,9,2
1140,24,4,2026,10,50
1141,24,4,2026,11,1
1142,24,4,2026,13,54
1143,24,4,2026,15,37
1144,24,4,2026,19,7
1145,24,4,2026,19,15
1146,24,4,2026,21,24
1147,25,4,2026,10,56
1148,25,4,2026,11,3
1149,25,4,2026,23,31
1150,27,4,2026,7,51
1151,27,4,2026,8,0
1152,27,4,2026,8,14
1153,27,4,2026,11,2
1154,27,4,2026,11,30
1155,27,4,2026,11,33
1156,27,4,2026,11,57
1157,27,4,2026,13,26
1158,27,4,2026,13,46
1159,27,4,2026,15,45
1160,27,4,2026,20,5
1161,27,4,2026,20,22
1162,27,4,2026,20,47
1163,27,4,2026,20,51
1164,27,4,2026,20,54
1165,27,4,2026,21,15
1166,28,4,2026,6,54
1167,28,4,2026,10,36
1168,28,4,2026,10,50
1169,28,4,2026,10,56
1170,28,4,2026,12,59
1171,28,4,2026,13,38
1172,28,4,2026,13,56
1173,28,4,2026,14,27
1174,28,4,2026,14,45
1175,28,4,2026,15,9
1176,28,4,2026,20,43
1177,28,4,2026,20,51
1178,28,4,2026,22,25
1179,29,4,2026,10,17
1180,29,4,2026,10,25
1181,29,4,2026,10,32
1182,29,4,2026,11,50
1183,29,4,2026,12,7
1184,29,4,2026,12,26
1185,29,4,2026,12,40
1186,29,4,2026,13,14
1187,29,4,2026,13,59
1188,29,4,2026,14,40
1189,29,4,2026,14,45
1190,30,4,2026,7,40
1191,30,4,2026,8,45
1192,30,4,2026,8,54
1193,30,4,2026,9,42
1194,30,4,2026,10,6
1195,30,4,2026,12,0
1196,30,4,2026,13,33
1197,30,4,2026,14,19
1198,30,4,2026,18,5
1199,1,5,2026,16,39
1200,2,5,2026,16,39
1201,3,5,2026,17,14
1202,4,5,2026,9,40
1203,4,5,2026,10,21
1204,4,5,2026,10,25
1205,4,5,2026,10,50
1206,4,5,2026,11,19
1207,4,5,2026,12,30
1208,4,5,2026,13,27
1209,4,5,2026,15,49
1210,4,5,2026,16,47
1211,4,5,2026,16,57
1212,4,5,2026,17,54
1213,4,5,2026,17,55
1214,4,5,2026,19,10
1215,4,5,2026,23,41
1216,5,5,2026,9,12
1217,5,5,2026,9,50
1218,5,5,2026,10,21
1219,5,5,2026,12,34
1220,5,5,2026,14,23
1221,5,5,2026,14,46
1222,5,5,2026,15,13
1223,5,5,2026,16,31
1224,6,5,2026,8,7
1225,6,5,2026,9,3
1226,6,5,2026,9,9
1227,6,5,2026,9,41
1228,6,5,2026,11,5
1229,6,5,2026,12,35
1230,6,5,2026,13,40
1231,6,5,2026,14,49
1232,7,5,2026,8,14
1233,7,5,2026,9,48
1234,7,5,2026,11,2
1235,7,5,2026,11,9
1236,7,5,2026,12,5
1237,7,5,2026,13,37
1238,7,5,2026,14,16
1239,7,5,2026,14,27
1240,8,5,2026,11,15
1241,8,5,2026,16,7
1242,8,5,2026,17,23
1243,10,5,2026,16,7
1244,10,5,2026,16,29
1245,10,5,2026,20,28
1246,11,5,2026,8,37
1247,11,5,2026,9,23
1248,11,5,2026,10,4
1249,11,5,2026,10,13
1250,11,5,2026,10,48
1251,11,5,2026,11,15
1252,11,5,2026,12,26
1253,11,5,2026,12,37
1254,11,5,2026,12,40
1255,11,5,2026,13,0
1256,11,5,2026,14,1
1257,11,5,2026,14,30
1258,11,5,2026,14,48
1259,11,5,2026,15,36
1260,11,5,2026,17,13
1261,11,5,2026,17,25
1262,11,5,2026,17,38
1263,11,5,2026,18,20
1264,11,5,2026,18,28
1265,11,5,2026,18,43
1266,12,5,2026,7,40
1267,12,5,2026,8,9
1268,12,5,2026,9,35
1269,12,5,2026,11,5
1270,12,5,2026,11,9
1271,12,5,2026,12,37
1272,12,5,2026,14,49
1273,12,5,2026,15,12
1274,12,5,2026,15,14
1275,12,5,2026,15,34
1276,12,5,2026,15,37
1277,12,5,2026,16,14
1278,12,5,2026,16,18
1279,12,5,2026,16,38
1280,12,5,2026,20,2
1281,12,5,2026,23,22
1282,13,5,2026,10,9
1283,13,5,2026,10,32
