id_ticket,asunto,fk_fecha_solicitud,fk_fecha_resuelto,fk_usuario,fk_agente,fk_servicio,fk_canal,fk_tipo,fk_prioridad,fk_estado
72543,Solicitud de cambio de curso por Ampliación de Jornada en plan de trabajo Pro. Néstor Morales Rodríguez,1175,1247.0,1,1,36,2,3,3,4
72616,Arreglo de nombre,1237,1217.0,2,1,12,2,3,3,4
72620,RV: Falla en acceso a curso en Tec digital,1240,1224.0,5,1,11,2,3,3,4
72621,Consulta sobre cuenta de técnico digital,1241,1216.0,5,1,29,2,3,3,4
72622,Consulta sobre visibilidad de rúbrica en asignación Proyecto parte eléctrica,1242,1218.0,5,1,39,2,3,3,4
72623,Solicitud de reporte de carga de asignación  Contabilidad II,1242,1223.0,5,1,28,2,3,3,4
72627,Problema de Ingreso TEC Digital,1243,1219.0,8,1,1,2,3,3,4
72628,Acceso al Tec Digital,1244,1220.0,10,1,1,2,3,3,4
72629,Problema al descargar archivo .,1245,1221.0,5,1,28,2,3,3,4
72631,incluir estudiante,1246,1222.0,5,1,5,2,3,3,4
72632,correo incorrecto,1247,1228.0,5,1,12,2,3,3,4
72633,Invitación a reunión informativa sobre becas para estudiar en Estados Unidos,1248,1226.0,1,1,27,2,3,3,4
72634,Solicitud de divulgación Invitación a reunión informativa sobre becas para estudiar en Estados Unidos,1249,1225.0,1,1,27,2,3,3,4
72635,"Fwd: Reactivación de estudiante KEREN MONTERO VARGAS - correo, Teams y Tec Digital",1250,1254.0,5,1,2,2,3,3,4
72637,Solicitud 72622,1251,1227.0,5,1,39,2,3,3,4
72639,Error de acceso OneDrive curso seguridad,1253,1229.0,5,3,11,2,3,3,4
72641,Solicitud divulgación información,1255,1233.0,1,1,27,2,3,3,4
72642,Por favor habilitar II Cuatrimestre 2026 Maestría en Calidad,1256,1241.0,1,1,6,2,3,3,4
72643,RV: Correccion del nombre en la plataforma TEC Digital y Office,1257,1230.0,5,1,12,2,3,3,4
72644,Cuenta perdida,1258,1231.0,5,3,11,2,3,3,4
72647,Apertura curso Power BI en el TEC-Digital,1260,1234.0,2,3,21,2,3,3,4
72649,Cobro curso de excel,1262,1242.0,7,1,11,2,3,3,4
72650,Acceso a Tec-Digital,1263,1239.0,10,3,2,2,3,3,4
72651,Ayuda cuenta bloqueada,1264,1236.0,5,3,11,2,3,3,4
72652,No hay cursos en la plataforma digital,1265,1237.0,7,3,11,3,3,3,4
72654,Solicitud de restauración de miembros de curso,1266,1238.0,10,3,5,2,3,3,4
72655,Corrección de horario,1267,1240.0,2,3,11,2,3,3,4
72656,Consulta acceso,1268,1243.0,5,1,1,2,3,3,4
72657,Ayuda cuenta TEC Digital,1269,1244.0,1,1,2,2,3,3,4
72658,Consulta,1270,1245.0,7,1,11,2,3,3,4
72659,Cuenta bloqueada,1271,1246.0,8,1,1,2,3,3,4
72660,Cambio de horario,1272,1248.0,2,1,17,2,3,3,4
72661,Consulta,1273,1257.0,10,2,28,2,3,3,4
72662,RE: Incorporación a Equipo Teams Curso Maestría en Cadena de Abastecimiento,1274,1250.0,10,1,6,2,3,3,4
72663,Solicitud de traslado de curso | SE1103 Danza Grupo 40,1275,1253.0,1,2,6,2,3,3,4
72665,RE: Solicitud de traslado de curso | SE1103 Danza Grupo 40,1277,1251.0,1,1,6,2,3,3,4
72666,Re: Incorporación a Equipo Teams Curso Maestría en Cadena de Abastecimiento,1278,1252.0,1,1,6,2,3,3,4
72667,"Por favor brindar apoyo a profesora no observa el grupo en el tecdigital, gracias",1279,1255.0,1,2,6,2,3,3,4
72668,Correo inactivo,1280,1256.0,7,1,1,2,3,3,4
72669,Re: Solicitud de traslado de curso | SE1103 Danza Grupo 40,1281,1253.0,10,1,6,2,3,3,4
72671,Cambio de letra,1282,1258.0,2,1,11,2,3,3,4
72640,Solicitud de validación de entrega en TEC Digital,1254,,5,1,28,2,3,3,3
72638,Corrección nombre TEC digital,1252,,5,4,35,4,2,2,2
72672,Solicitud de restablecimiento de contraseña de cuenta Estudiantec,1283,,9,4,35,2,2,2,2
71034,Solicitud de colaboración para la elección de los representantes ante el Consejo Institucional 2026,1,780.0,1,1,11,2,3,3,1
71090,Fw: Consulta de contraseña de TEC DIGITAL,2,7.0,5,1,1,2,3,3,1
71093,Solicitud para publicar Noticia requerimiento PERSONAS TUTORAS DOP I-2026,3,130.0,1,1,26,2,3,1,1
71107,Solicitud de ingreso por primera vez a Turnitin,4,8.0,10,1,18,2,3,3,1
71151,RE: Solicitud,5,118.0,1,1,11,2,3,3,1
71169,Revisión lista estudiantes,6,28.0,5,1,5,2,3,3,1
71179,Re: Solicitud,7,39.0,8,1,11,2,3,3,1
71180,Consulta,8,32.0,9,4,35,4,2,4,1
71181,Permisos,9,33.0,9,4,35,4,2,4,1
71183,acceso Tec Digital,10,34.0,10,4,35,2,2,1,1
71189,Problemas con los datos de inicio de sesión de mi cuenta de Tec Digital,11,41.0,8,1,38,2,3,3,1
71190,Autenticación,12,31.0,5,1,38,2,3,3,1
71192,TEC digital,13,30.0,9,4,35,4,2,4,1
71195,Urgente,14,29.0,2,1,1,2,3,3,1
71196,Agregar cuentas como profesor asociado en cursos de Tec Digital - I Bimestre 2026,15,26.0,10,1,6,2,3,3,1
71197,Problemas para entrar al TEC digital,16,25.0,5,1,1,2,3,3,1
71198,Cambio de numero,16,24.0,5,1,42,2,3,3,1
71199,Problemas con la cuenta estudiantil para ingresar a TecDigital,17,22.0,9,4,35,4,2,4,1
71200,Error al ingresar a TEC Digital,18,23.0,8,1,1,2,3,3,1
71201,acceso Tec Digital,19,21.0,10,4,35,2,2,4,1
71203,Fw: TEC digital,20,35.0,9,4,35,4,2,4,1
71205,Consulta problema con correo TEC,21,20.0,5,1,38,2,3,3,1
71206,RV: acceso Tec Digital,22,50.0,2,1,21,2,3,3,1
71208,Constancia de Estudio para Visa Americana,23,17.0,5,1,11,2,3,3,1
71210,Corregir apellido en plataforma,24,19.0,7,1,12,2,3,3,1
71213,Re: [Centro de Ayuda del TEC Digital] Re: Reporte de notas aprobadas,25,36.0,8,1,29,6,3,3,1
71214,Acceso al TEC Digital,26,14.0,7,1,25,2,3,3,1
71215,Solicitud de apoyo para ingresar a TEC DIGITAL,27,13.0,9,4,35,2,2,4,1
71216,"Buenas tardes mi nombres es Matías Sibaja Solís, soy estudiante de nuevo ingreso y estaba intentando ingresar al Tec digital y no me deja y cambie la contraseña y tampoco me deja entonces no se com...",28,12.0,5,1,1,2,3,3,1
71218,Cambio de correo Electronico,29,18.0,7,1,12,2,3,3,1
71221,Ocupo ayuda con la cuenta de outlook de mi correo ...,30,11.0,5,1,38,2,3,3,1
71223,Plataforma evaluación con rúbricas está lenta y falla frecuentemente,31,91.0,10,1,39,2,3,3,1
71225,Problemas de acceso a TEC Digital  estudiante de primer ingreso,32,10.0,5,1,1,2,3,3,1
71226,Felipe M 2023026033 Examen problema,33,39.0,5,1,30,2,3,3,1
71227,Correo no existe,34,9.0,5,1,38,2,3,3,1
71230,Problemas a la hora de ingresar a TEC digital,35,42.0,5,1,1,2,3,3,1
71231,Solicitud apertura TEC Digital: EXCEL INTERMEDIO G1 P425,36,4.0,2,1,21,2,3,3,1
71232,Problemas de Acceso a Cuenta @estudiantec.cr,37,16.0,5,1,1,2,3,3,1
71234,Certificado,38,2.0,2,1,11,2,3,3,1
71239,Ayuda para cuenta de profesor,39,6.0,10,1,2,2,3,3,1
71240,El tec digital tardaba encargar al seleccionar un grupo o una sección de este,40,15.0,5,1,28,2,3,3,1
71241,Agregar cuentas como profesor asociado en cursos de Tec Digital - I Bimestre 2026,41,1.0,10,1,6,2,3,3,1
71242,RV: Error al ingresar a la página tecDigital,42,3.0,5,1,1,2,3,3,1
71243,RE: Error al ingresar a la página tecDigital,43,5.0,5,1,1,2,3,3,1
71244,Fwd: Solicitud de apoyo para ingresar a TEC DIGITAL,44,27.0,7,1,5,2,3,3,1
71245,Solicitud apertura TEC Digital: EXCEL INTERMEDIO G2 P425,45,38.0,2,1,21,2,3,3,1
71246,Solicitud apertura TEC Digital: POWER BI P126,46,38.0,2,1,21,2,3,3,1
71247,Aperturar cursos en la plataforma del TEC-Digital I T 2026,47,44.0,10,1,21,2,3,3,1
71248,"Buenos dias, intente entrar al ITCR y no me deja,",48,43.0,8,1,1,2,3,3,1
71249,Cambio de letra,49,46.0,2,1,42,2,3,3,1
71250,Fw: TEC digital,50,37.0,8,1,1,2,3,3,1
71251,Solicitud de activación de cuentas en Tec digital,51,45.0,11,1,2,2,3,3,1
71252,Restablecimiento de número telefónico para Cuenta Fundatec,52,47.0,7,1,14,2,3,3,1
71253,agregar profesor a curso,53,40.0,1,1,6,6,3,3,1
71254,TEC DIGITAL,54,53.0,7,1,12,2,3,3,1
71256,Autenticador,55,46.0,5,1,38,2,3,3,1
71257,cuentas cursos,56,47.0,1,1,21,2,3,3,1
71259,Citologías,57,57.0,1,1,26,2,3,3,1
71260,Cambio de nombre,58,48.0,2,1,12,2,3,3,1
71261,Solicitud de Homologación de Perfil  Profesor Geovanny Sanabria Brenes,59,49.0,10,1,10,2,3,3,1
71262,Cambio,60,51.0,2,1,11,2,3,3,1
71263,Ingreso al TEC Digital (Creación de usuarios),61,52.0,2,1,25,2,3,3,1
71264,INGRESO BLOQUEADO AL TEC DIGITAL,62,54.0,5,1,1,2,3,3,1
71265,Consulta sobre admisión primer ingreso 2026,63,55.0,5,1,11,2,3,3,1
71267,RE: Consulta sobre admisión primer ingreso 2026,64,56.0,5,1,11,2,3,3,1
71268,agregar a cátedra,65,58.0,5,1,7,6,3,3,1
71269,Solicitud de apoyo,66,59.0,10,1,7,2,3,3,1
71270,Solicitud de creación de cursos del Científico,67,64.0,9,4,35,4,2,2,1
71271,Re: Solicitud de creación de cursos del Científico,68,84.0,4,1,20,2,3,3,1
71272,problema con la cuenta de microsoft 360,69,60.0,7,1,14,2,3,3,1
71273,no puedo entrar a mi cuenta de teams 360 y por end...,70,61.0,7,1,11,2,3,3,1
71274,Trato de ingresar y no puedo,71,62.0,5,1,1,2,3,3,1
71275,Consulta sobre disponibilidad de la plataforma mañana jueves 22 de enero,72,78.0,10,1,30,2,3,3,1
71276,Acceso Catedra Cálculo y Álgebra Lineal,73,63.0,5,1,7,2,3,3,1
71277,Error en grupos asignados del Colegio Científico,74,65.0,10,1,6,2,3,3,1
71278,RV: Sobre usario en Tec Digital,75,67.0,2,1,12,2,3,3,1
71279,Solicitud de acceso a Turnitin,76,66.0,10,1,18,2,3,3,1
71281,Aparentes inconsistencias en el Gestor de Atributos,77,189.0,10,1,31,2,3,3,1
71282,Solicitud de permisos y activación de cuenta al TEC Digital,78,70.0,1,1,2,2,3,3,1
71284,Solicitud de Asistencias estudiantiles IS-2026,79,77.0,1,1,26,2,3,3,1
71285,Cursos para el Colegio Científico,80,69.0,4,1,6,2,3,3,1
71286,Cambio de letra,81,68.0,2,1,11,2,3,3,1
71287,Re: Solicitud de acceso al TEC DIGITAL,82,85.0,3,1,10,2,3,3,1
71288,Cambio de profesor en curso,83,81.0,4,1,25,2,3,3,1
71289,RE: Acceso a TEC Digital,84,73.0,1,1,5,2,3,3,1
71290,agregar a comunidad,85,71.0,5,1,7,6,3,3,1
71291,agregar a comunidad,86,72.0,5,1,7,6,3,3,1
71292,Información de matricula segundo bimestre Maestria en Adm ing electromecánica,87,74.0,8,1,11,2,3,3,1
71293,Reactivación cuenta estudiantil,88,75.0,5,1,11,2,3,3,1
71294,Recuperar mi cuenta,89,76.0,8,1,1,2,3,3,1
71296,Problema de inicio de sesion al tec digital,90,79.0,8,1,1,2,3,3,1
71297,Ingreso al TEC Digital (Creación de usuarios),91,80.0,10,1,25,2,3,3,1
71298,Consulta,92,82.0,2,1,21,2,3,3,1
71299,Ingreso al TEC Digital (Creación de usuarios),93,83.0,10,1,5,2,3,3,1
71300,Aperturar cursos en la plataforma del TEC-Digital I T 2026,94,125.0,2,1,21,2,3,3,1
71301,Acceso a TEC-Digital,95,115.0,1,1,5,2,3,3,1
71302,cambio de correo estudiante,96,93.0,1,1,12,2,3,3,1
71304,Desbloqueo cuenta estudiantec,97,86.0,8,1,38,2,3,3,1
71307,Solicitud de creación de grupo - Programa de Ciencia de los Datos,98,87.0,1,1,21,2,3,3,1
71308,Re: [Centro de Ayuda del TEC Digital] Re: Fwd: Solicitud de apoyo para ingresar a TEC DIGITAL,99,101.0,7,1,5,2,3,3,1
71309,Ayuda con quiz en GAAP,100,91.0,11,1,30,2,3,3,1
71311,RV: Problema de registro,101,88.0,1,5,29,2,3,3,1
71312,RV: Problemas con email,102,89.0,5,5,38,2,3,3,1
71313,RV: Acceso a correo de estudiante,103,89.0,5,5,1,2,3,3,1
71314,RV: CORREO ESTUDIANTEC.CR,104,89.0,5,5,1,2,3,3,1
71315,Ingreso al TEC Digital (Creación de usuarios),105,90.0,2,1,21,2,3,3,1
71316,Ayuda para sincronización de cursos y consulta,106,92.0,10,1,5,2,3,3,1
71317,Consulta,107,96.0,8,1,11,2,3,3,1
71318,ERROR AL CARGAR ARCHIVOS,108,95.0,7,1,28,2,3,3,1
71319,Acceso a cátedra de Cálculo y Álgebra Lineal,109,94.0,5,1,7,2,3,3,1
71320,Problema acceso TEC Digital estudiantes Tercera Promoción Maestría Desarrollo Económico Local,110,97.0,3,1,5,2,3,3,1
71321,Asignación de cursos a profesores,111,105.0,10,1,6,2,3,3,1
71322,RE: INGRESO DE DANIEL SOLANO MORALES - TEC DIGITAL,112,149.0,5,1,1,2,3,3,1
71323,Incluir estudiantes en curso Principios de programación II,113,99.0,5,1,9,2,3,3,1
71324,Consulta para matricula.,114,98.0,8,1,11,2,3,3,1
71325,Restauración de cuenta @estudiantec. Josué Zamora Arce. 120180186.,115,100.0,5,1,11,2,3,3,1
71326,Expediente Estudiantil,116,102.0,8,1,29,6,3,3,1
71327,Matrícula,117,103.0,5,1,5,2,3,3,1
71328,Corrección de nombre en la plataforma,118,108.0,5,1,12,2,3,3,1
71329,solicitud,119,113.0,1,1,22,2,3,3,1
71331,Soporte,120,104.0,1,1,6,2,3,3,1
71332,Ingreso a correo institucional,121,106.0,5,1,38,2,3,3,1
71333,Usuario TEC-Digital,122,109.0,5,1,2,2,3,3,1
71334,Error al cargar archivos,123,107.0,5,1,28,2,3,3,1
71335,RE: Consulta de matrícula,124,111.0,5,1,5,2,3,3,1
71336,Información de curso,125,110.0,5,1,11,2,3,3,1
71337,Ayuda para incluir Materia actual en TEC digital,126,116.0,5,1,5,2,3,3,1
71338,TEC Digital- Problemas - Susana Ramirez,127,114.0,8,1,28,2,3,3,1
71339,Solicitud de ayuda para ingreso,128,112.0,5,1,2,2,3,3,1
71340,plataforma del TEC-Digital I T 2026,129,117.0,1,1,5,2,3,3,1
71342,Mi nombre en el tec digital es incorrecto. Mi nomb...,130,119.0,5,1,12,2,3,3,1
71343,Problemas con cuenta tecDigital.,131,120.0,5,1,1,2,3,3,1
71344,Falla en carga de documentos,132,133.0,7,1,28,2,3,3,1
71345,Curso de verano,133,122.0,5,1,29,2,3,3,1
71346,Contraseña invalidad despues de haberla cambiado y seguir los pasos,134,121.0,7,1,14,2,3,3,1
71347,Ingreso al TEC Digital (Creación de usuarios),135,123.0,2,1,25,2,3,3,1
71348,Solicitud de constancia,136,124.0,5,1,11,2,3,3,1
71349,Necesito asistencia para asociar una actividad de GAAP a una evaluación en un curso de Fundatec.-,137,126.0,11,1,30,2,3,3,1
71350,Consulta sobre disponibilidad de la plataforma mañana jueves 28 de enero,138,127.0,10,1,30,2,3,3,1
71352,Permisos sistema,139,164.0,1,1,34,2,3,3,1
71353,Solicitud para publicar noticia SE BUSCAN PERSONAS TUTORAS EN EL DOP I-2026,140,132.0,1,1,26,2,3,3,1
71354,uso del tec-digital,141,128.0,5,4,35,4,2,2,1
71355,uso del tec-digital,141,129.0,2,1,5,2,3,3,1
71356,en tecDigital en aplicaciones no aparece el expediente,142,623.0,5,1,29,2,3,3,1
71357,Problemas de ingreso al TEC Digital,143,131.0,5,1,1,2,3,3,1
71358,Actualización de datos,144,136.0,5,1,12,2,3,3,1
71359,Solicitud de actualización de cursos,145,134.0,1,1,5,2,3,3,1
71360,Reporte y consulta de fallo,146,145.0,10,1,28,2,3,3,1
71361,Fw: Solicitud publicación Lineamientos para la impartición virtual de cursos de la ECL,147,142.0,1,1,26,2,3,3,1
71362,No puedo ingresar a la plataforma de TecDigital,148,135.0,8,1,1,2,3,3,1
71363,Actualización de datos,149,137.0,5,1,12,2,3,3,1
71364,Expediente,150,139.0,5,1,29,5,3,3,1
71365,Cuenta de estudiante,151,138.0,5,1,38,2,3,3,1
71366,Ingreso al TEC Digital (Creación de usuarios),152,139.0,2,1,25,2,3,3,1
71367,Problemas para acceder al TEC Digital,153,141.0,5,4,35,4,2,2,1
71368,Expediente estudiantil,154,140.0,5,1,29,6,3,3,1
71369,Ingreso al TEC Digital (Creación de usuarios),155,143.0,2,1,25,2,3,3,1
71370,Ingreso al TEC Digital (Creación de usuarios),156,144.0,2,1,25,2,3,3,1
71372,RE: Ayuda con cuenta de tec digital,157,157.0,2,1,14,2,3,4,1
71373,Ingreso al TEC Digital (Creación de usuarios),158,147.0,2,1,25,2,3,3,1
71374,Consulta,159,148.0,5,1,1,2,3,3,1
71375,cambio de comunidad,160,146.0,5,1,7,5,3,3,1
71376,Ingreso al TEC Digital (Creación de usuarios),161,150.0,2,1,25,2,3,3,1
71377,Acceso a correo y tec digital,162,151.0,8,1,1,2,3,3,1
71378,RE: Colaboración con inscripción de estudiantes,163,153.0,10,1,5,2,3,3,1
71379,Solicitud de coreo masivo a estudiantes regulares.,164,155.0,5,1,26,2,3,3,1
71380,Re: Colaboración con inscripción de estudiantes,165,152.0,10,1,5,2,3,3,1
71381,actualizacion de clave,166,154.0,2,1,14,6,3,3,1
71382,Asignación de cursos a profesor en la plataforma,167,156.0,10,1,6,2,3,3,1
71387,Consulta,168,158.0,1,1,2,2,3,3,1
71388,Recuperación pregunta de asignación,169,159.0,5,1,30,2,3,3,1
71389,Solicitud apertura TEC Digital: EXCEL BÁSICO G#1 A126,170,160.0,2,1,21,2,3,3,1
71390,Consulta,171,161.0,5,1,5,2,3,3,1
71391,Solicitud apertura TEC Digital: Fundamentos 6 Sigma STEM,172,162.0,2,1,21,2,3,3,1
71392,"No puedo entrar al dashboard principal, me redirig...",173,163.0,5,1,11,2,3,3,1
71393,RE: [Centro de Ayuda del TEC Digital] Re: TEC Digital- Problemas - Susana Ramirez,174,172.0,8,1,2,2,3,3,1
71394,"agregar estudiantes a grupo Principios de programación I, Prof. Alejandro Alfaro",175,165.0,8,1,5,2,3,3,1
71395,Ingreso al TEC Digital (Creación de usuarios),176,166.0,2,1,25,2,3,3,1
71396,Problema de acceso a la plataforma TEC Digital: E...,177,167.0,5,1,1,2,3,3,1
71397,Cuenta TecDigital,177,168.0,5,1,1,2,3,3,1
71398,Problema de acceso a la plataforma TEC Digital,178,169.0,5,1,1,2,3,3,1
71399,solicitud,179,173.0,1,1,23,2,3,3,1
71400,Problemas con el tec digital,180,170.0,5,1,1,2,3,3,1
71401,Favor incluir a estudiante en el tecdigital.,181,171.0,5,1,5,2,3,3,1
71402,Error en Tec Digital,182,176.0,5,1,12,2,3,3,1
71403,Acceso a Turnitin,183,173.0,10,1,18,2,3,3,1
71404,RV: Favor ajusta nombre en el Tec Digital,184,175.0,7,1,12,2,3,3,1
71405,Ingreso al TEC Digital (Creación de usuarios),185,174.0,2,1,25,2,3,3,1
71406,Agregar miembros a Comunidad del TEC digital,186,178.0,10,1,7,2,3,3,1
71407,Solicitud apertura TEC Digital: Matemática STEM,187,181.0,2,1,21,2,3,3,1
71408,Acceso a TEC Digital,188,177.0,5,1,1,2,3,3,1
71410,Ayuda con tec digital,189,180.0,5,1,1,2,3,3,1
71411,Corrección de error,190,179.0,10,1,6,2,3,3,1
71412,Ingreso al TEC Digital (Creación de usuarios),191,184.0,2,1,25,2,3,3,1
71413,Consulta sobre cursos,192,182.0,10,1,28,2,3,3,1
71414,Ingreso al TEC Digital (Creación de usuarios),193,183.0,2,1,25,2,3,3,1
71415,Re: [Centro de Ayuda del TEC Digital] Actualización: RE: INGRESO DE DANIEL SOLANO MORALES - TEC DIGITAL,194,185.0,5,1,1,2,3,3,1
71416,Error,195,188.0,7,1,28,2,3,3,1
71417,No me deja ingresar a mi cuenta,196,187.0,8,1,1,2,3,3,1
71418,"Apoyo acceso a correo, TEC Digital y Zoom para docente",197,186.0,10,1,2,2,3,3,1
71419,Oficio ICSJ-011-2026-Solicitud Tec Digital Caso estudiante Lee,198,196.0,5,1,1,2,3,3,1
71420,Oficina de Planificación Institucional: Solicitud de apoyo Urgente.,199,190.0,1,1,26,2,3,3,1
71421,Problemas Para Acceder Al Tec Digital,200,214.0,5,1,1,2,3,3,1
71422,Solicitud de coreo masivo a estudiantes regulares.,201,192.0,1,1,26,2,3,3,1
71423,Fwd: Reingreso aprobado  Solicitud de activación de cuenta institucional,202,191.0,5,1,2,2,3,3,1
71424,RV: Solicitud de creación de grupo - Programa de Ciencia de los Datos,203,193.0,1,1,14,2,3,3,1
71425,"Solicitud de creación de grupo - Introducción a la Programación, grupo 13",203,194.0,1,1,21,2,3,3,1
71426,Solicitud de colaboración,204,196.0,4,1,13,2,3,3,1
71427,Problems para ingresar al sistema,205,195.0,5,1,1,2,3,3,1
71429,SOLICITUD DE INCOPORACION EN CURSOS DE TFG AE,206,197.0,10,1,6,2,3,3,1
71430,Ingreso al TEC Digital (Creación de usuarios),207,198.0,2,1,25,2,3,3,1
71431,Creación de dos comunidades,208,202.0,10,1,7,2,3,3,1
71433,Solicitud de actualización de Comunidad,209,219.0,10,1,7,2,3,3,1
71434,Consulta sobre estudiante de undécimo,210,201.0,6,1,11,2,3,3,1
71435,Solicitud de reinicio de verificación MFA  cuenta institucional,211,199.0,5,1,38,2,3,3,1
71436,necesito acceder a altair con la cuenta de fundat...,212,200.0,7,1,11,2,3,3,1
71437,Problemas para subir documentos en plataforma,213,207.0,2,1,28,2,3,3,1
71438,Solicitud urgente escuela de Química,214,203.0,1,1,6,2,3,3,1
71439,RE: Bienvenida al Programa de Ciencia de los Datos TEC,215,204.0,5,1,14,2,3,3,1
71440,"Solicitud de cambio de correo de estudiante - PROGRAMA DE CIENCIA DE LOS DATOS, GRUPO 34",216,205.0,5,1,12,2,3,3,1
71441,Problemas para ingresar al Tec Digital.,217,206.0,5,1,1,2,3,3,1
71442,RE: Ayuda TEC Digital,218,209.0,1,1,11,2,3,3,1
71443,Malla curricular,219,208.0,5,1,29,6,3,3,1
71445,Solicitud de actualización de número para iniciar sesión en Microsoft,220,210.0,8,1,11,2,3,3,1
71446,Convocatoria de Asistencia,221,211.0,9,4,35,4,2,2,1
71447,Convocatoria Asistencia Especial,222,216.0,1,1,27,2,3,3,1
71448,Electiva II plan de estudio Ing en Producción Industrial,223,212.0,5,1,29,2,3,3,1
71449,Acceso a Turnitin,224,213.0,10,1,18,2,3,3,1
71450,RE: Bienvenida al Programa de Ciencia de los Datos TEC,225,215.0,5,1,1,2,3,3,1
71451,Consulta sobre acceso al TECDigital,226,334.0,5,1,24,2,3,1,1
71452,Consulta.,227,224.0,1,1,10,2,3,3,1
71453,NO me funciona Link para la sesion: Teams,228,217.0,7,1,11,2,3,3,1
71455,RE: Bienvenida al Programa de Ciencia de los Datos TEC,229,225.0,5,1,1,2,3,3,1
71456,Divulgar en la comunidad de estudiantes en San José,230,218.0,5,1,27,2,3,3,1
71457,Solicitud de registro de cuentas nuevas en la plataforma TEC Digital,231,328.0,1,1,25,2,3,3,1
71458,Consulta sobre plataforma de estudiante,232,220.0,5,1,8,2,3,3,1
71459,Problemas de ingreso,233,220.0,5,1,1,2,3,3,1
71460,Problema de acceso a TEC Digital - Estudiante de primer ingreso - Erick Saul Mora Rodriguez,234,221.0,5,1,1,2,3,3,1
71461,Consulta sobre Acceso a TEC Digital,235,246.0,5,1,1,2,3,4,1
71462,Solicitud de publicación,236,222.0,5,1,27,2,3,3,1
71463,Consulta de ingreso a plataforma,237,223.0,2,1,28,2,3,3,1
71464,Consulta,238,279.0,8,1,1,2,3,3,1
71466,Consulta reporte de notas,239,226.0,9,4,35,4,2,4,1
71467,Consulta reporte calificaciones,240,227.0,7,1,11,2,3,3,1
71468,Problema al ingresar,241,228.0,5,1,1,2,3,3,1
71471,Problemas Tec digital,242,229.0,8,1,1,2,3,3,1
71473,Cálculo Diferencial e Integral,243,230.0,5,1,5,2,3,3,1
71474,Solicitud de soporte técnico,244,253.0,10,1,11,2,3,3,1
71475,Solicitud de acceso a la plataforma.,245,231.0,1,1,5,2,3,3,1
71476,Restablecimiento de Contraseña,246,232.0,2,1,14,2,3,3,1
71477,Fw: Ayuda para habilitar Tec digital a profesores,247,236.0,1,1,11,2,3,3,1
71478,PROBLEMAS INGRESO,248,233.0,5,1,1,2,3,3,1
71479,Consulta sobre el acceso al Tec digital,249,234.0,9,4,35,2,2,2,1
71480,Consulta sobre el acceso al Tec digital,249,234.0,9,4,35,2,2,2,1
71481,Consulta sobre el acceso al Tec digital,250,235.0,8,1,1,2,3,3,1
71482,Inclusión,251,238.0,9,4,35,4,2,2,1
71483,Gestor de inclusiones,252,239.0,5,1,34,2,3,3,1
71484,Agregar estudiantes a comunidad de cátedra,253,373.0,10,1,7,2,3,3,1
71485,Consulta sobre curso,254,240.0,1,1,6,2,3,3,1
71486,Authenticator de microsoft,255,237.0,5,1,38,2,3,3,1
71487,Solicitud de inclusión como docente  Curso SO5910,256,243.0,10,1,6,2,3,3,1
71488,Cambios de docente y nuevo grupo,257,241.0,1,1,6,2,3,3,1
71489,Solicitud de ayuda para visualizar cursos,258,247.0,5,1,5,2,3,3,1
71490,Cuenta TEC digital,259,242.0,8,1,1,2,3,3,1
71491,Corrección en nombre de estudiante y otros,260,248.0,5,1,12,2,3,3,1
71492,Acceso Tec Digital,261,244.0,5,1,1,2,3,3,1
71493,No puedo agregar profesor a cátedra,262,261.0,10,1,7,2,3,3,1
71494,Restablecimiento de Contraseña,263,245.0,2,1,14,2,3,3,1
71495,Curso de Feria Científica,264,248.0,10,1,6,2,3,3,1
71496,Tengo un problema con tecDigital!,265,248.0,5,1,1,2,3,3,1
71498,Restablecimiento de Contraseña,266,249.0,2,1,14,2,3,3,1
71499,Problema tecdigital,267,250.0,5,1,1,2,3,3,1
71500,Problemas de ingreso a la plataforma,268,256.0,5,1,1,2,3,3,1
71501,Re: [Centro de Ayuda del TEC Digital] Re: Cuenta TecDigital,269,251.0,5,1,1,2,3,3,1
71502,Incorporación de profesor en Catedra,270,252.0,10,1,7,2,3,3,1
71504,Consulta,271,252.0,5,1,1,2,3,3,1
71505,Solicitud de cambio de comunidad en TecDigital,272,255.0,5,1,7,2,3,3,1
71506,Problemas al acceder TecDigital,273,284.0,5,1,1,2,3,3,1
71507,cambio de escuela,274,254.0,5,1,7,6,3,3,1
71508,Consulta Formularios Inclusión,275,257.0,5,1,34,2,3,3,1
71509,Solicitud para el examen de Diagnostico de Biología General,276,259.0,9,4,35,4,2,2,1
71511,Problemas con TEC Digital,277,258.0,1,1,7,2,3,3,1
71512,RV: Solicitud para el examen de Diagnostico de Biología General,278,260.0,9,4,35,4,3,2,1
71513,Correo no encontrado,279,476.0,7,1,1,2,3,3,1
71515,Fw: Solicitud para el examen de Diagnostico de Biología General,280,288.0,9,4,35,4,3,2,1
71516,RE: Problema con descraga de videos,281,474.0,5,1,15,2,3,3,1
71517,Solicitud de ayuda,282,280.0,1,1,34,2,3,3,1
71518,Inclusión en comunidad,283,266.0,1,1,7,2,3,3,1
71519,Desintegracion,284,262.0,5,1,7,2,3,3,1
71520,Solicitud de permisos,285,263.0,1,1,10,2,3,3,1
71521,Actualización de miembros en TEC Digital,286,264.0,10,1,4,2,3,3,1
71522,"RE: Solicitud de creación de grupo - Introducción a la Programación, grupo 13",287,265.0,1,1,12,2,3,3,1
71523,Ayuda,288,271.0,10,1,5,2,3,3,1
71524,Solicitud de difusión del reglamento y contacto de la Comisión DOSIEG para la Comunidad Institucional activa en el TEC Digital,289,294.0,9,4,35,6,2,2,1
71525,Solicitud urgente de acceso a TEC Digital y correos institucionales,290,267.0,5,1,1,2,3,3,1
71526,Problema para ingresa a correo electrónico,291,268.0,5,1,38,2,3,3,1
71527,Problemas con el tec digital no puedo ingresar.,292,269.0,8,1,1,2,3,3,1
71528,Ingreso al TEC Digital (Creación de usuarios),293,270.0,2,1,25,2,3,3,1
71529,Acceso,294,271.0,5,1,1,2,3,3,1
71530,RE: Información de Matrícula por el Sistema de Inclusiones del TEC Digital I Semestre 2026,295,272.0,1,1,11,2,3,3,1
71531,Fwd:,296,274.0,8,1,1,2,3,3,1
71532,Dar de Baja de Comunidad,297,273.0,5,1,7,2,3,3,1
71533,Divulgar en comunidad de San José,298,303.0,1,1,26,2,3,3,1
71534,Re:,299,275.0,5,1,1,2,3,3,1
71535,Consulta,300,475.0,5,1,11,2,3,3,1
71536,Rv: Campus Tecnológico Central Cartago - Solicitud de Matrícula por Inclusión I Semestre 2026,301,276.0,5,1,34,2,3,3,1
71537,Solicitud de cambio de comunidades,302,277.0,5,1,7,2,3,3,1
71538,Solicitud o ayuda con la cuenta de Tec digital,303,278.0,5,1,1,2,3,3,1
71539,Problema acceso,304,281.0,5,1,1,2,3,3,1
71540,Consulta de estudiante no regular.,305,475.0,5,1,29,2,3,3,1
71541,Sistema para inclusiones,306,282.0,5,1,34,2,3,3,1
71542,RV: Solicitud para el Area Académica de Maestría en Gerencia de Proyectos,307,312.0,10,1,22,2,3,3,1
71543,Acceso a correo institucional,308,285.0,5,1,38,2,3,3,1
71544,Consulta respecto a sistema de inlusion,309,283.0,5,1,34,2,3,3,1
71547,Consulta sobre la inclusión de los estudiante de nuevo ingreso a la comunidad PI LIMON,310,289.0,1,1,4,2,3,3,1
71548,RE: Permisos a Expediente estudiantil,311,287.0,10,1,10,2,3,3,1
71549,Consulta,312,290.0,10,1,2,2,3,3,1
71550,actualizacion contraseña,313,286.0,7,1,14,6,3,3,1
71551,Memorando ati-014-2026 Permiso Pedro,314,292.0,3,1,10,2,3,3,1
71552,consulta,315,291.0,10,1,6,2,3,3,1
71553,Consulta,316,295.0,5,1,2,2,3,3,1
71554,RE: Solicitud de difusión del reglamento y contacto de la Comisión DOSIEG para la Comunidad Institucional activa en el TEC Digital,317,411.0,1,1,26,2,3,3,1
71555,Problema con TecDigital,318,293.0,5,1,1,2,3,3,1
71556,Consulta por problemas en mis cursos,319,296.0,9,4,35,4,2,2,1
71557,No visualizo estudiantes en mis cursos,320,297.0,10,1,5,2,3,3,1
71558,Solicitud apertura TEC Digital: EXCEL TAE GR1,321,322.0,2,1,21,2,3,3,1
71559,Solicitud apertura TEC Digital: EXCEL TAE GR2,322,332.0,2,1,25,2,3,3,1
71560,Copiado de grupos,323,335.0,10,1,19,2,3,3,1
71561,Problemas con el inicio de sesión en Tec Digital,324,298.0,5,1,2,2,3,3,1
71562,Inicio de sesión en el correo estudiantil,325,299.0,5,1,38,2,3,3,1
71563,activar cuenta,326,300.0,10,1,2,6,3,3,1
71564,Mi curso no aparece en la plataforma,327,301.0,10,1,6,2,3,3,1
71565,Problema Ingreso TEC Digital,328,360.0,5,1,2,2,3,3,1
71566,Problema con inicio de sesión,329,311.0,5,1,2,2,3,3,1
71567,No permite ingresar al Tec digital,330,302.0,5,1,2,2,3,3,1
71568,Error en el expediente,331,477.0,5,1,29,2,3,3,1
71569,ingreso al tec digital,332,357.0,5,1,2,2,3,3,1
71570,Actualización de la Comunidad de Física General III en el TEC Digital,333,417.0,3,1,4,2,3,3,1
71572,Acceso al TEC digital,334,374.0,8,1,34,2,3,3,1
71573,Actualización de los miembros de la cátedra de Matemática Básica para Administración,335,365.0,10,1,4,2,3,3,1
71574,Acceso a la plataforma TEC-Digital,336,304.0,5,1,1,2,3,3,1
71575,RV: Inconveniente con tecDigital,337,305.0,5,1,1,2,3,3,1
71576,activar cuenta,338,306.0,5,1,34,2,3,3,1
71577,Solución con tec digital,339,307.0,5,1,1,2,3,3,1
71578,Solicitud de corrección,340,308.0,4,1,6,2,3,3,1
71579,Evidencia 3er Examen Freddy Hidalgo Zárate,341,309.0,5,1,28,2,3,3,1
71580,no puedo entrar al TEC digital,342,310.0,5,1,1,2,3,3,1
71581,Problema Ingreso TEC Digital,343,313.0,5,1,1,2,3,3,1
71582,PROBLEMAS DE INGRESO,344,361.0,5,1,1,2,3,3,1
71583,Consulta sobre visualización de grupo en Tec Digital,345,316.0,10,1,6,2,3,3,1
71584,Fwd:,346,314.0,5,1,2,2,3,3,1
71585,Lista de estudiantes y correo electrónico,347,315.0,10,1,11,2,3,3,1
71587,Favor,348,320.0,1,1,11,2,3,3,1
71588,Problema Tec Digital,349,317.0,5,1,1,2,3,3,1
71589,Problema con el TecDigital,350,318.0,5,1,5,2,3,3,1
71590,agregar a curso,351,319.0,10,1,6,6,3,3,1
71591,obtener acceso por primera vez a Turnitin,352,321.0,10,1,18,2,3,3,1
71592,Examen diagnostico Biologia,353,321.0,5,1,1,2,3,3,1
71593,Solicitud: Creación de cursos - I Semestre 2026,354,528.0,1,1,23,2,3,3,1
71594,Solicitud de reunión: Transformación digital en la educación superior,355,606.0,8,1,11,2,3,3,1
71595,Aviso TEC Digital -Estudio de Perfil de Ingreso 2026,356,375.0,5,1,11,2,3,3,1
71596,SOLICITUD DE COLABORACION,357,323.0,1,1,1,2,3,3,1
71597,Error al dar de baja un curso,358,327.0,5,1,5,2,3,3,1
71598,Error de acceso: Me di de baja accidentalmente - CE1104 - Grupo 05,359,326.0,10,1,6,2,3,3,1
71599,Solicitud - asignación de curso y grupo a profesor(a) Escuela de Ingeniería en Computadores,360,330.0,10,1,6,2,3,3,1
71600,Solicitud de ayuda,361,337.0,10,1,11,2,3,3,1
71601,Baja de Materia,362,325.0,5,1,5,2,3,3,1
71602,Inclusion,363,328.0,5,1,34,2,3,3,1
71603,Apoyo para acceder al TEC Digital,364,331.0,5,1,1,2,3,3,1
71604,Activación de cuenta TECDigital,365,414.0,1,1,2,2,3,3,1
71605,Error en el GAAP,366,337.0,10,1,30,2,3,3,1
71606,acceso a turnitin,367,324.0,10,1,18,5,3,3,1
71607,Me di de baja en un curso accidentalmente,368,333.0,5,1,5,2,3,3,1
71608,activar cuenta,369,329.0,5,1,2,2,3,3,1
71609,Aplicaciones no visibles en TEC DIGITAL [2017103205],370,373.0,6,1,34,2,3,3,1
71610,Consulta,371,338.0,10,1,11,2,3,3,1
71611,agregar a curso,372,336.0,5,1,5,2,3,3,1
71612,Consulta sobre mensaje de bienvenida,373,349.0,10,1,11,2,3,3,1
71613,Consulta acerca de plataforma Tec Digital,374,341.0,2,1,11,2,3,3,1
71614,Error en Laboratorio de Circuitos en CC y CA - Grupo 1,375,342.0,5,1,5,2,3,3,1
71615,Agregar estudiantes matriculados a cátedra de Resistencia de Materiales.,376,355.0,10,1,4,2,3,3,1
71616,Re: [Centro de Ayuda del TEC Digital] Re: Problemas de ingreso al TEC Digital,377,343.0,5,1,1,2,3,3,1
71617,solicitud de apertura de grupo en tec digital,378,344.0,10,1,22,2,3,3,1
71618,Agregar a tutor a cátedra de Resistencia de Materiales,379,354.0,10,1,7,2,3,3,1
71619,Inclusión de estudiantes en la Cátedra de ESTÁTICA MI2106,380,358.0,3,1,4,2,3,3,1
71620,Divulgar,381,345.0,1,1,26,2,3,3,1
71621,Agregar información de beneficiario INS,382,363.0,5,1,11,2,3,3,1
71622,Beneficiario Póliza,383,363.0,5,1,11,2,3,3,1
71623,Solicitud apoyo ingreso TEC Digital,384,397.0,5,1,2,2,3,3,1
71624,Re: [Centro de Ayuda del TEC Digital] Re: Fwd: Reingreso aprobado  Solicitud de activación de cuenta institucional,385,369.0,5,1,2,2,3,3,1
71625,activar cuenta,386,339.0,5,1,22,6,3,3,1
71627,cambio de comunidad,387,340.0,5,1,5,6,3,3,1
71628,Solicitud de agregar estudiantes,388,353.0,10,1,4,2,3,3,1
71629,Asignación de Curso,389,347.0,10,1,6,2,3,3,1
71630,Solicitud de incluir curso,390,346.0,10,1,5,2,3,3,1
71631,Solicitud de envío de correo a la comunidad estudiantil,391,392.0,1,1,26,2,3,3,1
71632,activar cuenta,392,347.0,5,1,2,6,3,3,1
71633,Sincronización de cursos en Tec Digital,393,350.0,1,1,34,2,3,3,1
71634,Ayuda para reactivación de estudiante,394,362.0,5,1,2,2,3,3,1
71635,agregar a curso y cátedra,395,348.0,10,1,6,2,3,3,1
71636,Solicitud para reingresar a un grupo,396,352.0,5,1,5,2,3,3,1
71637,Ingreso al TEC Digital (Creación de usuarios),397,351.0,2,1,25,2,3,3,1
71638,Ayuda sobre error en tec digital,398,376.0,5,1,5,2,3,3,1
71639,Se me eliminó una materia,399,377.0,5,4,35,4,2,4,1
71640,activar apps,400,356.0,5,1,29,2,3,3,1
71641,Falta de acceso a una clase dentro del TEC-Digital,401,377.0,5,1,5,2,3,3,1
71642,Beneficiario,402,388.0,5,1,11,2,3,3,1
71644,Solicitud cuenta Outlook,403,359.0,5,1,38,2,3,3,1
71646,Parece haber un error con mi cuenta del tecDigital...,404,367.0,9,4,35,4,2,2,1
71647,Error con información personal y otros datos en mi cuenta del tecDigital,405,367.0,5,1,12,2,3,3,1
71649,RE: [Centro de Ayuda del TEC Digital] Re: Sistema para inclusiones,406,378.0,5,1,34,2,3,3,1
71650,RE: Aprobación en Sistema de Inclusioens,407,379.0,9,4,35,4,3,2,1
71651,RE: Aprobación en Sistema de Inclusioens,408,380.0,10,1,34,2,3,3,1
71652,Inclusión Cátedra de Física II,409,371.0,5,1,7,2,3,3,1
71653,Consulta sistema de inclusiones,410,370.0,5,1,11,2,3,3,1
71654,Contraseña tec digital,411,381.0,5,1,1,2,3,3,1
71655,CONSULTA INGRESO A TEC DIGITAL,412,458.0,5,1,11,2,3,3,1
71656,Re: [Centro de Ayuda del TEC Digital] Actualización: RE: INGRESO DE DANIEL SOLANO MORALES - TEC DIGITAL,413,495.0,5,1,1,2,3,3,1
71657,Falta de acceso a una clase dentro del TEC-Digital,414,383.0,5,1,5,2,3,3,1
71658,Agregar grupos a Cátedra,415,386.0,10,1,4,2,3,3,1
71659,Solicitud de listas de estudiantes,415,394.0,1,1,11,2,3,3,1
71660,Problemas en el proceso de solicitud de inclusión: Jennifer Dayana Villalobos Rodríguez.,416,384.0,9,4,35,4,2,2,1
71661,Problemas para realizar la solicitud de Inclusiones: Jennifer Dayana Villalobos Rodríguez.,417,385.0,5,1,34,2,3,3,1
71662,Pregunta acerca de la matrícula por inclusión,418,387.0,5,1,34,2,3,3,1
71663,Consulta importante sistema de Inclusiones,419,391.0,1,1,34,2,3,3,1
71664,Enlace de SIGI,420,382.0,1,1,26,2,3,2,1
71665,Enlace de SIGI,420,542.0,1,1,26,2,3,3,1
71666,Consulta sobre solicitud de inclusión  Aseguramiento de la Calidad del Software,421,389.0,5,1,34,2,3,3,1
71667,Consulta sobre inclusion,422,390.0,5,1,34,2,3,3,1
71668,Consulta sobre actualización de correquisito e inclusión,423,393.0,5,3,34,2,1,3,1
71669,actualización Cátedra de Física General I,424,401.0,10,3,4,2,3,3,1
71670,Consulta por problema con inclusion por choque de horario,425,364.0,5,1,34,2,3,3,1
71671,Solicitud de actualización de integrantes de comunidad.,426,412.0,3,1,4,2,3,3,1
71672,Consulta,427,395.0,10,1,6,2,3,3,1
71673,Incluirme como profesor de curso,428,396.0,10,1,6,2,3,3,1
71674,"RE: Solicitud de creación de grupo - Introducción a la Programación, grupo 13",429,398.0,1,1,21,2,3,3,1
71675,Equivocación,430,397.0,5,3,5,2,3,3,1
71676,Actualización de comunidad de Tutorías y Talleres de Física General,431,446.0,10,3,4,2,3,3,1
71677,Actualización comunidad PI-LIMÓN,432,494.0,1,1,4,2,3,3,1
71678,Actualización de comunidad,433,406.0,10,3,4,2,3,3,1
71679,RV: Falta de acceso a una clase dentro del TEC-Digital,434,399.0,5,1,5,2,3,3,1
71680,agregar a curso,435,366.0,5,1,5,2,3,3,1
71681,Acceso a inclusiones,436,368.0,5,1,34,2,3,3,1
71682,QUITAR CARPETAS,436,400.0,10,1,16,2,3,3,1
71683,actualización cursos y comunidades tec digital,437,447.0,1,3,3,2,3,3,1
71684,activar cuenta,438,372.0,5,1,2,6,3,3,1
71685,Actualizar Cátedras,438,372.0,3,1,4,2,3,3,1
71686,activar cuenta,439,378.0,8,1,2,2,3,3,1
71687,solicitud,440,406.0,10,3,6,2,3,3,1
71688,Inclusión de estudiantes en TEC digital,441,417.0,10,1,4,2,3,3,1
71689,Consulta,442,409.0,1,1,34,2,3,3,1
71690,Proceso de inclusiones,443,403.0,5,1,34,2,3,3,1
71691,RV: Reactivación cuenta Tec Digital,444,460.0,8,1,2,2,3,3,1
71692,Duda sobre levantamiento de requisitos en curso de Corriente Alterna,445,399.0,5,4,35,4,2,2,1
71693,Duda sobre levantamiento de requisitos en escuela de Electronica,446,399.0,5,4,35,4,2,2,1
71694,Duda sobre levantamiento de requisitos en la escuela de Electronica,447,404.0,5,3,34,2,3,3,1
71695,Inicio de Sesión,448,405.0,5,3,34,2,3,3,1
71696,Acceso al TEC Digital - Gestor de Inclusiones,449,402.0,5,3,34,6,3,3,1
71697,Ayuda con acceso a curso como docente,450,427.0,10,1,6,2,3,3,1
71698,Solicitud de Inclusión  Inglés 2 para Administración (Sede San Carlos) - Problema,451,448.0,5,1,34,2,3,3,1
71699,Solicitud de Actualización de Información de Estudiantes de Cátedra,452,407.0,10,4,35,4,2,2,1
71700,Solicitud de Actualización de Información de Estudiantes de Cátedra,452,416.0,10,4,35,4,2,2,1
71701,Consulta,453,429.0,1,1,34,2,3,3,1
71702,Problemas de acceso,454,435.0,10,1,11,2,3,3,1
71703,Inclusión Ecuaciones Diferenciales,455,408.0,5,3,34,6,3,3,1
71704,activacion de cuenta,456,410.0,5,1,2,2,3,3,1
71705,Consulta sobre procedimiento de solicitud de inclusión,457,431.0,5,1,34,2,3,3,1
71706,Activación de ingreso a plataforma,457,478.0,5,1,1,2,3,3,1
71707,Problemas en el proceso de inclusión,458,430.0,5,1,34,2,3,3,1
71708,Consulta sobre acceso a Tec Digital,459,465.0,5,3,1,2,3,3,1
71709,Solicitud de Actualización de Información de Estudiantes de Cátedra,460,436.0,3,3,4,2,3,3,1
71710,Corrección de miembro de curso,461,413.0,1,3,5,6,3,3,1
71711,Agregar a curso MB2402,462,415.0,10,3,6,6,3,3,1
71712,Consulta sobre sistema de inclusión,463,422.0,5,3,34,2,3,3,1
71713,Soporte,464,420.0,10,3,6,2,3,3,1
71714,No puedo usar los links de mi curso en TEC Digital,465,432.0,5,3,11,3,3,3,1
71715,Cuestión Comunidades,466,421.0,5,3,7,2,3,3,1
71716,Curso aparece mal en TEC digital,467,424.0,5,3,5,2,3,3,1
71717,Solicitud de información para desmatricular curso Investigación de Operaciones,468,419.0,5,3,41,2,3,3,1
71718,Dudas sobre el sistema gestor de inclusiones,469,433.0,5,1,34,2,3,3,1
71719,Pregunta del tecdigital,470,426.0,5,3,34,2,3,3,1
71720,Solicitud de restablecimiento de acceso a correo institucional,471,418.0,5,3,41,2,3,3,1
71722,Inclusiones 2026,472,434.0,5,3,34,2,3,3,1
71723,Solicitud,473,425.0,3,3,4,2,3,3,1
71724,Re: [Centro de Ayuda del TEC Digital] Re: INGRESO BLOQUEADO AL TEC DIGITAL,474,437.0,5,1,1,2,3,3,1
71725,agregar docente a curso,475,423.0,10,1,6,6,3,3,1
71726,Lista de estudiantes incompleta,476,428.0,3,3,3,6,3,3,1
71727,activación de cuenta,477,438.0,10,1,2,1,3,3,1
71728,Agregar estudiante a comunidad,478,440.0,3,1,7,2,3,3,1
71729,agregar a comunidad,479,439.0,5,1,7,5,3,3,1
71730,Me gustaría saber si me podían ayudar a conectarme...,480,445.0,5,3,11,2,3,3,1
71731,Ayuda comunidad,481,441.0,5,3,7,2,3,3,1
71732,Reporte de falla,482,443.0,5,3,11,2,3,3,1
71733,Habilitar inclusión,483,444.0,5,3,34,2,3,3,1
71734,Incapaz de completar la boleta de Perfil de Ingreso 2026,484,467.0,5,1,11,2,3,3,1
71735,Problemas con Tec Digital,485,863.0,5,3,42,2,3,3,1
71736,Acceso al TEC Digital,486,442.0,5,3,1,6,3,3,1
71737,"Hola, no puedo ingresar al tec digital, Isaac Ben",487,470.0,8,1,1,2,3,3,1
71738,Solicitud de inclusión en curso,488,449.0,11,1,6,2,3,3,1
71739,Inclusión GTH 1,489,451.0,5,1,34,2,3,3,1
71740,RV: Consulta de matrícula por inclusión del curso de proyecto de graduación,490,777.0,1,1,34,2,3,3,1
71741,Re: [Centro de Ayuda del TEC Digital] Actualización: Información de curso,491,452.0,5,1,11,2,3,3,1
71742,Acceso TEC Digital,492,459.0,8,1,2,2,3,3,1
71743,Acceso a turnitin,493,453.0,10,1,18,2,3,3,1
71744,agregar a curso,494,450.0,10,1,6,2,3,3,1
71745,RE: Acceso a turnitin,495,454.0,10,1,18,2,3,3,1
71746,Soliictud de cambio de profesores en el sistema,496,456.0,10,1,6,2,3,3,1
71747,Agregar estudiantes a cátedra,497,457.0,10,1,4,2,3,3,1
71748,cambio de numero de telefono,498,455.0,5,1,12,5,3,3,1
71749,Consulta sobre retiro de curso e inconveniente en proceso de inclusión,499,466.0,5,1,34,2,3,3,1
71751,RV: Acceso restringido en gestión de inclusión,500,461.0,1,1,34,2,3,3,1
71752,RV: Consulta sobre el proceso de inclusión,501,462.0,5,1,34,2,3,3,1
71753,Solicitud,502,464.0,10,1,16,2,3,3,1
71754,Inclusiones,503,463.0,5,1,34,2,3,3,1
71755,Problemas con el correo del tecdigital,504,484.0,5,1,13,2,3,3,1
71756,Actualizar miembros de Estática 2109,505,468.0,10,1,4,2,3,3,1
71757,Error en sistema de inclusión,506,478.0,5,1,34,2,3,3,1
71758,Borrado de carpetas que no se usan,507,532.0,10,1,16,2,3,3,1
71759,Solicitud de creación de grupos,507,531.0,1,1,21,2,3,3,1
71760,Consulta,508,471.0,5,4,35,4,2,2,1
71762,Consulta,509,472.0,5,1,11,2,3,3,1
71763,Solicitud acceso a Turnitin,510,469.0,10,1,18,2,3,3,1
71765,Inconveniente con el sistema de inclusiones,511,473.0,5,1,34,2,3,3,1
71766,Corregir nombre,512,490.0,2,1,12,2,3,3,1
71767,Uso de plataforma para asistentes,513,474.0,10,1,40,2,3,3,1
71768,Problema con página de inicio,514,480.0,5,1,11,2,3,3,1
71769,Correo a estudiantes TEC,515,481.0,1,1,26,2,3,3,1
71770,ACTUALIZACIÓN COMUNIDAD DE CÁLCULO Y ÁLGEBRA LINEAL,516,485.0,10,1,4,2,3,3,1
71771,Consulta sobre correos de carrera,517,688.0,5,1,7,2,3,3,1
71772,Curso de Acondicionamiento,518,483.0,10,1,6,2,3,3,1
71773,Solicitud de ingreso al TEC Digital,519,491.0,10,1,6,2,3,3,1
71774,cambio de comunidad,520,479.0,5,1,7,5,3,3,1
71775,RV: Consulta,521,482.0,1,1,34,2,3,3,1
71776,Activación cuenta TEC Digital,522,487.0,5,1,2,2,3,3,1
71777,Apertura al TEC Digital,523,489.0,1,1,23,2,3,3,1
71778,Necesito cambiar una comunidad por cambio de carrera,524,486.0,5,1,7,2,3,3,1
71779,Envío de convocatoria de Estudiantes Campus Central para Proyecto,525,506.0,10,1,26,2,3,3,1
71780,Solicito que me agreguen a la cátedra de Matemática general,526,488.0,5,1,7,2,3,3,1
71781,Solicito que me agreguen a la cátedra de química ll,527,488.0,5,1,7,2,3,3,1
71782,Soporte Tecdigital,528,499.0,5,1,2,2,3,3,1
71783,Falla sobre envío de mensajes,529,492.0,10,1,38,2,3,3,1
71784,Favor incluir estudiante,530,505.0,5,1,7,2,3,3,1
71785,Ingreso al TEC Digital (Creación de usuarios),531,493.0,2,1,25,2,3,3,1
71786,Solicitud de incorporación de estudiantes  Comunidad Matemática General (TEC Digital),532,496.0,10,1,4,2,3,3,1
71787,capacitación uso del tec digital,533,498.0,5,1,40,2,3,3,1
71788,Cuenta TEC Digital,534,505.0,5,1,2,2,3,3,1
71789,activar cuenta,535,497.0,5,1,2,2,1,3,1
71790,RV: Consulta sobre el proceso de inclusión,536,500.0,1,1,34,2,3,3,1
71791,Solicitud apertura TEC Digital: FUNDAMENTOS 6 SIGMA P126 G1,537,501.0,2,1,21,2,3,3,1
71792,Solicitud apertura TEC Digital: FUNDAMENTOS 6 SIGMA P126 G2,538,502.0,2,1,25,2,3,3,1
71793,Colaboración para agregar personas tutoras de Física General,539,504.0,10,1,7,2,3,3,1
71794,Problema TecDigital,540,511.0,5,1,11,2,3,3,1
71795,agregar a cursos,541,503.0,10,1,6,6,3,3,1
71796,Cambio de Comunidad,542,507.0,5,3,7,2,3,3,1
71797,Solicito que me agreguen a la cátedra de Laboratorio de química ll,543,508.0,5,3,7,2,3,3,1
71798,RE: [Centro de Ayuda del TEC Digital],544,509.0,10,1,4,2,3,3,1
71800,Restablecimiento de Contraseña,545,510.0,2,3,1,2,3,3,1
71801,Ingreso al TEC Digital (Creación de usuarios),546,512.0,2,3,25,2,3,3,1
71802,Solicitud apertura TEC Digital: MATEMÁTICA P126 G1,547,513.0,2,3,21,2,3,3,1
71803,Solicitud apertura TEC Digital: MATEMÁTICA P126 G2,547,514.0,2,3,21,2,3,3,1
71804,Acceso al TEC Digital,548,515.0,5,3,2,6,3,3,1
71805,Solicitud apertura TEC Digital: LIDERAZGO P126 G2,549,523.0,2,3,21,2,3,3,1
71806,Solicitud apertura TEC Digital: LIDERAZGO P126 G1,549,524.0,2,3,21,2,3,3,1
71807,Problemas con mi correo,550,516.0,5,1,38,2,3,3,1
71808,Solicitud de inclusión en plataforma de cursos,551,517.0,10,1,6,2,3,3,1
71809,Cátedra de Dibujo Industrial,552,530.0,3,1,4,2,3,3,1
71810,Agregar estudiante a comunidad,553,518.0,3,1,7,2,3,3,1
71811,Cambio de carrera,554,522.0,5,1,7,2,3,3,1
71812,Reporte de fallo en plataforma - Sandy Paola Pinzón Zea- Carné 2026801016,555,520.0,5,1,1,2,3,3,1
71813,Ingreso al TEC Digital,556,521.0,2,1,21,2,3,3,1
71814,agregar estudiantes a cursu,557,519.0,10,1,5,6,3,3,1
71815,Actualización de carrera,558,525.0,5,3,11,6,3,3,1
71816,Inclusión a Cátedra de Resistencia de Materiales,559,526.0,5,3,7,5,3,3,1
71817,Problemas para llenar una boleta de primer ingreso.,560,533.0,5,1,11,2,3,3,1
71818,Acceso al TEC Digital,561,527.0,5,3,1,6,3,3,1
71819,Agregar estudiantes a cátedra,562,528.0,10,1,7,2,3,3,1
71820,INCORPORACION EN CURSOS,563,529.0,1,3,6,2,3,3,1
71821,Actualización de cursos,564,534.0,5,1,11,2,3,3,1
71822,Acceso a microsoft online,565,535.0,5,1,11,2,3,3,1
71823,Solicitud de apertura de cuenta de correo y acceso a TEC Digital,566,536.0,10,4,35,2,3,2,1
71825,Fw: Solicitud de apertura de cuenta de correo y acceso a TEC Digital,567,538.0,10,1,2,2,3,3,1
71826,Fw: Contacto_asistente_IS2026,568,537.0,5,1,5,2,3,3,1
71827,Ingreso al TEC Digital,569,538.0,2,1,25,2,3,3,1
71828,Problema con mi correo,570,539.0,5,1,11,2,3,3,1
71829,RE: Contacto_asistente_IS2026,571,540.0,5,1,5,2,3,3,1
71830,Consulta Urgente Lic - TEC Digital,572,541.0,5,1,7,2,3,3,1
71831,Clave de formulario,573,542.0,5,1,11,2,3,3,1
71832,Envío aviso estudiantes,574,547.0,1,1,27,2,3,3,1
71833,Solicitud de inclusión a la comunidad de Cálculo Superior,575,544.0,3,3,7,2,3,3,1
71834,Visibilidad de solicitud de inclusión,576,543.0,5,3,34,6,3,3,1
71835,Error en página principal,577,545.0,10,3,11,6,3,3,1
71836,Solicitud de archivo,578,549.0,10,1,34,2,3,3,1
71837,Actualización de carrera,579,546.0,5,3,11,5,3,3,1
71838,Re: Solicitud de archivo,580,548.0,9,4,34,4,2,2,1
71839,Error para ver una clase grabada subida en documentos,581,550.0,5,1,11,2,3,3,1
71840,RE: Solicitud de archivo,582,551.0,9,4,34,4,2,2,1
71841,Re: Solicitud de archivo,583,692.0,1,1,34,2,3,3,1
71842,Ingreso al TEC Digital,584,552.0,2,1,25,2,3,3,1
71843,Ingreso al TEC Digital,585,554.0,2,3,25,2,3,3,1
71844,Cambio de permisos en carpetas,586,553.0,2,3,16,6,3,3,1
71845,"Por favor eliminar estudiante del TECDIGITAL, Raquel Fonseca Vargas",587,557.0,2,3,5,2,3,3,1
71846,Ingreso al TEC Digital,588,556.0,2,3,25,2,3,3,1
71847,Añadir estudiantes a comunidad,589,555.0,5,3,7,6,3,3,1
71848,Archivos Excel para TEC Digital de programas Inglés TEC I bimestre 2026,590,558.0,9,4,35,4,3,2,1
71849,Archivos Excel para TEC Digital de programas Inglés TEC I bimestre 2026,590,569.0,2,1,21,2,3,3,1
71850,Acceso Cátedras tecDigital,591,561.0,5,3,7,2,3,3,1
71851,RE: Solicitud de ayuda para divulgación para asistencia,592,562.0,1,1,27,2,3,3,1
71852,Añadir estudiantes a la Cátedra de Dibujo Industrial,593,607.0,10,1,7,2,3,3,1
71853,cambio de apellidos,593,559.0,5,1,12,2,3,3,1
71854,agregar nombre,594,560.0,5,1,12,2,3,3,1
71855,Problemas de acceso a TEC Digital - Juan Alpízar (Carné 2016131839),595,594.0,5,1,11,2,3,3,1
71856,Nota Corriente Alterna,596,571.0,7,3,28,3,3,3,1
71857,Problemas con mi contraseña,597,689.0,8,1,1,2,3,3,1
71859,Pregunta sobre póliza estudiantil,598,572.0,5,1,34,2,3,3,1
71860,Solicitud de Acceso a Turnitin,599,564.0,10,1,18,2,3,3,1
71862,Verificación,600,574.0,5,3,11,2,3,3,1
71863,Acceso al TEC Digital,601,573.0,10,1,2,2,3,3,1
71864,Problemas con accesos a cuenta TEC,602,576.0,5,1,11,2,3,3,1
71865,Notificacion,603,575.0,5,3,28,3,3,3,1
71866,Actualización datos por cambio de carrera,604,577.0,5,3,11,3,3,3,1
71867,agregar a curso,605,563.0,5,1,5,6,3,3,1
71868,Incorporar usuario a estos cursos.,606,565.0,1,1,6,2,3,3,1
71869,Agregar administradores a cursos Bimestre 2-2026,607,568.0,1,1,6,2,3,3,1
71870,INCORPORACION EN CURSOS AE,608,650.0,10,1,6,2,3,3,1
71872,RE: INCORPORACION EN CURSOS AE,609,586.0,3,1,6,2,3,3,1
71873,RE: Solicitud de ayuda para divulgación para asistencia,610,587.0,1,1,27,2,3,3,1
71874,Activación del la cuenta del Tec Digital,611,618.0,5,1,1,2,3,3,1
71875,RE: Agregar administradores a cursos Bimestre 2-2026,612,578.0,1,3,6,2,3,3,1
71876,Solicitud de colaboración con cursos de laboratorio de Física,613,640.0,4,3,20,2,3,3,1
71877,Inclusión,614,566.0,5,5,33,5,3,3,1
71878,Actulaización catedra curso Ecuacionea difrenciales,615,593.0,3,1,4,2,3,3,1
71879,ACTIVAR CUENTA,616,567.0,5,1,2,6,3,3,1
71880,No puedo entrar al tecdigital,617,594.0,5,1,11,2,3,2,1
71881,Solicitud apertura TEC Digital: EXCEL AVANZADO 1 P425 GR 2 B I 2026,618,581.0,2,3,21,2,3,3,1
71882,Solicitud de acceso a Sharepoint.,619,579.0,5,3,11,2,3,3,1
71883,Divulgar,620,590.0,1,1,26,2,3,3,1
71884,Actualización de cursos,621,583.0,9,4,35,4,2,2,1
71885,Incorporación de profesor en comunidad.,622,580.0,3,3,7,3,3,3,1
71886,Correccion de nombre,623,570.0,5,1,12,5,3,3,1
71887,Ingreso al TEC Digital,624,584.0,2,3,25,2,3,3,1
71888,Acceso al Tec Digital,625,589.0,5,3,1,2,3,3,1
71889,Actualización de cursos,626,588.0,5,3,34,3,3,3,1
71890,Solicitud de asignación de grupos en TEC Digital,627,582.0,3,3,6,2,3,3,1
71891,Acceso a la plataforma,628,599.0,10,3,1,2,3,3,1
71892,actualización Cátedra Física General I,629,585.0,10,3,7,2,3,3,1
71893,Ayuda para entrar a la plataforma TEC-Digital,630,591.0,9,4,35,4,2,2,1
71894,Ayuda para el acceso a la plataforma,631,592.0,5,1,13,2,3,3,1
71895,Acceso al TEC Digital,632,595.0,5,3,1,6,3,3,1
71896,Acceso Tec Digital,633,596.0,5,1,2,2,3,3,1
71897,Solicitud para añadirme a la comunidad,634,597.0,5,1,7,2,3,3,1
71898,Consulta inclusión y reflejo de cursos,635,604.0,5,1,5,2,3,3,1
71899,Ayuda no puedo ingresar al correo,636,598.0,5,1,38,2,3,3,1
71900,Necesito soporte tecnico,637,632.0,10,1,11,2,3,3,1
71902,Incluir estudiantes en Laboratorio de proyectos I,638,604.0,10,3,5,6,3,3,1
71903,Consulta sobre actualizacion de cursos,639,602.0,8,1,5,2,3,3,1
71904,Agregar cuentas como profesor asociado en cursos de Tec Digital - II Bimestre 2026,640,601.0,10,1,6,2,3,3,1
71905,Inclusión a comunidades,641,600.0,10,3,7,6,3,3,1
71906,acceso plataforma,642,605.0,5,3,5,2,3,3,1
71907,Ingreso al TEC Digital,643,603.0,2,3,25,2,3,3,1
71908,Problemas recurrentes con la matrícula,644,612.0,1,1,5,2,3,3,1
71909,Ayuda para ingreso a la plataforma,645,609.0,5,1,5,2,3,3,1
71910,ayuda para ingreso,646,608.0,5,1,5,2,3,3,1
71911,Ingreso al TEC Digital,647,610.0,2,1,25,2,3,3,1
71912,Actualización cursos tec digital,648,611.0,5,1,34,2,3,3,1
71913,Solicitud de Turnitin,649,613.0,10,1,18,2,3,3,1
71914,Actualizacion Cátedra Física General I,650,619.0,10,1,4,2,3,3,1
71915,Consulta,651,614.0,9,4,35,4,2,2,1
71916,Re: Consulta,652,615.0,9,4,35,2,2,2,1
71917,RE: Consulta,653,617.0,3,1,10,2,3,3,1
71918,Boleta perfil de ingreso 2026,654,633.0,5,1,11,2,3,3,1
71919,Ingreso al TEC Digital,655,616.0,2,1,25,2,3,3,1
71921,Problemas de acceso a TEC Digital  Usuario y contraseña inválidos,656,617.0,5,1,1,2,3,3,1
71922,Consulta,657,620.0,1,1,2,2,3,3,1
71923,Agregar estudiante a cátedra de cálculo superior,658,637.0,10,1,7,2,3,3,1
71924,Comunidad estudiantes de ingeniería en Materiales,659,621.0,5,1,7,2,3,3,1
71925,Cambio de profesor de curso,660,622.0,5,1,6,2,3,3,1
71926,Ingreso al TEC Digital,661,624.0,2,1,25,2,3,3,1
71927,Problemas con el dominio TEC,662,625.0,5,1,11,2,3,3,1
71928,Agregar estudiantes de grupo de inclusión Resistencia de Materiales a la cátedra.,663,626.0,10,1,4,2,3,3,1
71929,RV: MDE - Matrícula 2° bimestre 2026 - Gerencia de Logística y Cadena de Suministros,664,646.0,5,1,5,2,3,3,1
71930,Usuario de teams,665,627.0,5,1,11,2,3,3,1
71931,Solicitud de apertura de curso - TECDIGITAL,666,628.0,9,4,35,4,2,2,1
71932,Solicitud de cuentas y cambios.,666,629.0,1,1,10,2,3,3,1
71933,Necesito cambiar una comunidad por cambio de carrera,667,636.0,5,1,7,2,3,3,1
71934,Solicitud de apertura de curso - TECDIGITAL,668,659.0,10,1,21,2,3,3,1
71935,Solicitud actualización de grupos,669,638.0,10,1,6,2,3,3,1
71936,Inclusión,670,639.0,5,1,34,2,3,3,1
71937,Divulgar en la comunidad de San José,671,630.0,1,1,27,2,3,3,1
71938,Cambio de docente,672,631.0,1,1,6,2,3,3,1
71939,Problema al ingresar al TEC digital,673,686.0,5,1,1,2,3,3,1
71940,Correo institucional y TECDigital,674,651.0,8,1,1,2,3,3,1
71941,Por accidente pulse un boton del curso de fundamen...,675,634.0,5,1,5,2,3,3,1
71942,Toque el boton de darse de baja por accidente,676,635.0,5,1,5,2,3,3,1
71943,Acceso a plataforma tec digital,677,645.0,5,1,2,2,3,3,1
71944,Envió de lista de asistentes,678,641.0,1,1,5,2,3,3,1
71945,Consulta sobre expediente estudiantil,679,642.0,5,3,29,2,3,3,1
71946,Acceso al TEC Digital,680,643.0,5,3,1,5,3,3,1
71947,Ayuda a agregar estudiante a Cátedra,681,644.0,10,3,7,2,3,3,1
71948,Envió aviso estudiantes,682,649.0,1,1,27,2,3,3,1
71949,agregar estudiantes a comunidad,683,647.0,10,1,5,1,3,3,1
71951,Ingreso al TEC Digital,684,648.0,2,1,12,2,3,3,1
71952,Solicitud de agregar estudiantes a comunidad,685,663.0,10,1,7,2,3,3,1
71953,Problema con visualizar el resultado de las inclusiónes,686,653.0,5,1,34,2,3,3,1
71954,Ayuda con descarga de matriz de calificación,687,675.0,11,1,28,2,3,3,1
71955,Ayuda con microsoft authenticator,688,652.0,5,1,38,2,3,3,1
71956,Re: [Centro de Ayuda del TEC Digital] Actualización: Re: [Centro de Ayuda del TEC Digital] Actualización: Información de curso,689,722.0,5,1,11,2,3,3,1
71957,Fwd: Problemas para ingresar a la plataforma TEC Digital,690,658.0,5,1,1,2,3,3,1
71958,Solicitud,691,654.0,10,1,7,2,3,3,1
71959,Acceso a curso - Aseguramiento de la calidad del software GR 51,692,656.0,10,1,6,2,3,3,1
71960,Incorporación de estudiantes nuevos del PTEI al TEC Digital,693,656.0,1,1,21,2,3,3,1
71961,agregar a subgrupo,694,655.0,5,1,7,5,3,3,1
71962,RV: EIE-064-2026 Apertura curso MI3124 Dibujo Industrial,695,657.0,10,1,6,2,3,3,1
71963,RV: Solicitud de divulgación,696,678.0,1,1,26,2,3,3,1
71964,Favor incluir estudiante en el TECDIGITAL,697,660.0,10,3,7,2,3,3,1
71965,Solicitud de soporte para acceso a tecDigital,698,662.0,5,3,1,2,3,3,1
71966,Incluir un estudiante en la cátedra de Física General 3,699,661.0,5,1,7,2,3,3,1
71969,RE: [Centro de Ayuda del TEC Digital],700,666.0,10,1,7,2,3,3,1
71972,Solicitud de inclusión de estudiantes en la Comunidad de Cálculo Superior (MA-2104),701,676.0,10,1,4,2,3,3,1
71973,RE: Inclusión aprobada y solicitud de información - MA2104 Gr1,702,664.0,5,1,7,2,3,3,1
71974,Consulta sobre curso CE2201 - Grupo 2,703,665.0,10,1,6,2,3,3,1
71975,RV: Inclusiones,704,667.0,3,3,34,2,3,3,1
71976,Acceso a facampos@itcr.ac.cr a TECDigital,705,672.0,1,1,2,2,3,3,1
71977,Solicitud de actualizar grupo en comunidad de Escuela de Ingeniería en Computación,706,691.0,10,1,7,2,3,3,1
71978,Consulta sobre solicitud de inclusión,707,671.0,5,3,34,6,3,3,1
71979,Inclusiones sin registrar,708,670.0,5,4,35,4,2,2,1
71980,Re: [Centro de Ayuda del TEC Digital] Re: Acceso Tec Digital,709,668.0,5,1,16,2,3,3,1
71981,RE: Solicitud para agregar tutor a comunidad en TEC Digital,710,669.0,5,1,7,2,3,3,1
71982,Favor comunicar a todos los estudiantes sgte anuncio,711,679.0,10,1,26,2,3,3,1
71983,Por favor agregar un estudiante a la comunidad de Cálculo para Administración,712,674.0,10,3,7,2,3,3,1
71984,Acceso a grupo 18 de Dibujo Técnico,713,673.0,10,1,6,2,3,3,1
71985,agregar estudiante a una comunidad,714,677.0,5,3,7,2,3,3,1
71987,Cambio de escuela,715,685.0,5,1,11,2,3,3,1
71988,Problemas con el TEAMS,716,679.0,5,3,11,2,3,3,1
71989,**importante** acceso a las grabaciones de Conta IV lunes noche,717,680.0,5,1,11,2,3,3,1
71990,Solicitud de inclusión de estudiantes,718,680.0,10,1,38,2,3,2,1
71991,Solicitud de inclusión de estudiantes,718,687.0,10,3,4,2,3,3,1
71992,Solicitud de ayuda en usuario para estudiante Jason Bonilla,719,681.0,5,1,14,2,3,3,1
71993,Cambio de letra,720,682.0,1,1,11,2,3,3,1
71994,Inclusión de profesores en curso,721,683.0,10,1,6,2,3,3,1
71995,Solicitud de ayuda en usuario para estudiante Pablo Campos Serrano,722,684.0,1,1,14,2,3,3,1
71996,Incorporación de estudiantes tutores en comunidades de Física en tecDigital,723,690.0,10,1,7,2,3,3,1
71997,RV: Ingreso a TEC Digital,724,690.0,1,1,2,2,3,3,1
71998,Corrección de nombre,725,696.0,2,1,12,2,3,3,1
71999,Corregir,726,699.0,1,1,11,2,3,3,1
72000,Restablecimiento de contraseña a Docente,727,693.0,2,1,14,2,3,3,1
72001,Solicitud de ajuste de grupos,728,694.0,5,1,5,2,3,3,1
72002,Actualizar cátedra,729,695.0,10,1,4,2,3,3,1
72003,cambio de nombre,730,696.0,5,1,12,5,3,3,1
72005,Acceso Cátedra tecDigital,731,697.0,5,1,7,2,3,3,1
72006,Activación de curso en el TECDigital,732,698.0,5,1,5,2,3,3,1
72007,Solicitud de asistencia: Deshabilitar autenticación de dos factores - Fabián de Jesus Soto Vargas,733,700.0,5,1,38,2,3,3,1
72008,Perdida de verificación de sistema dos pasos para ingresar a Office y Outlook,734,701.0,7,1,38,2,3,3,1
72009,Solicitud de enlace de pago para Módulo II,735,702.0,8,1,11,2,3,3,1
72010,Materia no incluida,736,703.0,5,1,11,2,3,3,1
72011,Divulgar,737,704.0,1,1,26,2,3,3,1
72012,Consulta,738,707.0,10,1,6,2,3,3,1
72013,Solicitud de ayuda en cuenta,739,705.0,1,1,14,2,3,3,1
72014,Solicitud apertura TEC Digital: GRÁFICOS DE CONTROL A225,740,708.0,2,1,21,2,3,3,1
72015,Solicitud apertura TEC Digital: ANÁLISIS DE SISTEMAS DE MEDICIÓN A225,740,710.0,2,1,21,2,3,3,1
72016,Cuenta que requiere atención,741,706.0,1,1,14,2,3,3,1
72017,Solicitud apertura TEC Digital: GRÁFICOS DE CONTROL B225,741,709.0,2,1,21,2,3,3,1
72018,Solicitud apertura TEC Digital: ANÁLISIS DE SISTEMAS DE MEDICIÓN B225,741,711.0,2,1,21,2,3,3,1
72019,Banner Matlab,741,745.0,10,1,27,2,3,3,1
72020,Solicitud apertura TEC Digital: PROYECTO DE GRADUACIÓN B125,742,713.0,2,1,21,2,3,3,1
72021,Solicitud apertura TEC Digital: PROYECTO DE GRADUACIÓN A125,742,712.0,2,1,21,2,3,3,1
72022,Solicitud apertura TEC Digital: PROYECTO DE GRADUACIÓN C125,743,714.0,2,1,21,2,3,3,1
72023,INCLUIR EN COMUNIDAD CATEDRA DINAMICA 2026.,744,719.0,5,1,7,2,3,3,1
72024,Solicitud apertura TEC Digital: ANÁLISIS DE DATOS 2 A325,745,715.0,2,1,21,2,3,3,1
72025,Solicitud apertura TEC Digital: HERRAMIENTAS PARA LA SOLUCIÓN DE PROBLEMAS A325,745,717.0,2,1,21,2,3,3,1
72026,Solicitud apertura TEC Digital: HERRAMIENTAS PARA LA SOLUCIÓN DE PROBLEMAS B325,745,718.0,2,1,21,2,3,3,1
72027,Solicitud apertura TEC Digital: ANÁLISIS DE DATOS 2 B325,745,716.0,2,1,21,2,3,3,1
72028,Solicitud de sincronizacion de datos en plataforma,746,725.0,5,1,12,2,3,3,1
72029,RE: Problemas con el Tec digital,747,720.0,5,1,5,2,3,3,1
72030,Solicitud de asignación de cursos,748,721.0,10,1,6,2,3,3,1
72031,Fwd: ImprPant.,749,723.0,5,1,2,2,3,3,1
72032,solicitud de ayuda con comunidad Tutorías Elementos Activos,750,726.0,10,1,7,2,3,3,1
72034,Mi cuenta se encuentra fuera del tenant del TEC,751,724.0,5,1,11,2,3,3,1
72035,Solicitud apertura TEC Digital: Cursos nivelatorios de Estadística MQ,752,789.0,10,1,23,2,3,3,1
72036,Solicitud de acceso a Turnitin,753,727.0,10,1,18,2,3,3,1
72037,Solicitud de Soporte por no activacion del Tec Digital,754,729.0,10,3,2,2,3,3,1
72039,Duda Usuario s.rodriguez@estudiantec.cr,755,728.0,5,1,7,2,3,3,1
72040,Problemas de acceso al correo personal ITCR,756,730.0,5,3,11,2,3,3,1
72041,Re: Problemas de acceso al correo personal ITCR,757,729.0,5,3,11,2,3,3,1
72042,Solicitud de actividad estudiantil,758,741.0,10,1,28,2,3,3,1
72043,Actualización de curso,759,733.0,10,1,6,2,3,3,1
72044,Inclusión nuevos estudiantes,760,731.0,2,3,25,2,3,3,1
72045,Consulta sobre cambio de contraseña en TEC Digital,761,732.0,5,3,11,2,3,3,1
72046,Solicitud de actualización de estudiantes,762,735.0,10,1,4,2,3,3,1
72047,Solicitud de inclusión de estudiante en la Comunidad de Cálculo Superior (MA-2104),763,736.0,10,3,7,2,3,3,1
72048,Ingresar estudiante asistente a la comunidad,764,734.0,10,1,7,2,3,3,1
72049,Restablecimiento de contraseña a estudiante,765,737.0,2,3,14,2,3,3,1
72050,Restablecimiento de contraseña a estudiante,766,738.0,2,3,14,2,3,3,1
72051,Consulta,767,739.0,10,3,11,2,3,3,1
72053,Introducción a cátedra de Física General II,768,740.0,5,1,7,2,3,3,1
72054,Creación de GAAPs,769,825.0,5,1,30,2,3,3,1
72055,Apoyo corrección de nombre,770,746.0,10,1,12,2,3,3,1
72056,Solicitud apertura TEC Digital: EXCEL INTERMEDIO A126 GR 1 B I 2026,771,742.0,2,1,21,2,3,3,1
72057,Divulgar,772,748.0,1,1,27,2,3,3,1
72058,Problemas con el autenticador,773,743.0,5,1,11,2,3,3,1
72059,Re: Solicitud de acceso a funcionalidad de expediente estudiantil,774,754.0,1,1,10,2,3,3,1
72060,Incluir estudiante en comunidad,775,744.0,3,1,7,2,3,3,1
72061,Solicitud apertura TEC Digital: COSTOS DE PRODUCCIÓN A225,776,751.0,2,3,21,2,3,3,1
72062,Solicitud apertura TEC Digital: COSTOS DE PRODUCCIÓN B225,776,750.0,2,3,21,2,3,3,1
72063,Solicitud apertura TEC Digital: ESTADÍSTICA A325,776,752.0,2,3,21,2,3,3,1
72064,Re: [Centro de Ayuda del TEC Digital] Re: Solicitud actualización de grupos,777,747.0,10,1,6,2,3,3,1
72065,Solicitud,778,749.0,1,3,5,2,3,3,1
72066,Re: solicitud de apertura de un curso en Educación Continua,779,753.0,1,1,22,2,3,3,1
72067,Re: solicitud de apertura de un curso en Educación Continua,780,760.0,1,1,22,2,3,3,1
72068,Error en la página web,781,755.0,7,3,11,2,3,3,1
72069,RE: [Centro de Ayuda del TEC Digital] Re: Solicitud de agregar estudiantes a comunidad,782,756.0,10,3,7,2,3,3,1
72070,Problema con la Cátedra de Física 3,783,757.0,5,1,7,2,3,3,1
72071,Solicitud apertura TEC Digital: Proyecto de Graduación TSP A125,784,759.0,2,3,21,2,3,3,1
72072,Solicitud apertura TEC Digital: Proyecto de Graduación TSP B125,785,758.0,2,1,21,2,3,3,1
72073,Reporte de casos,786,833.0,5,1,11,5,3,3,1
72074,RV: Publicación de mensaje a toda la comunidad estudiantil,787,761.0,1,5,26,6,3,3,1
72075,RV: CIM-036-2026,788,762.0,10,3,5,2,3,3,1
72077,Reingreso al curso Sensores y Actuadores,789,763.0,5,3,5,3,3,3,1
72078,Consulta,790,769.0,10,3,19,2,3,3,1
72079,Solicitud de reunión para valorar sistema de comunicación masiva en situaciones de emergencia,791,765.0,9,4,35,2,2,2,1
72081,Duda sobre agregarme a la cátedra.,792,764.0,5,3,7,2,3,3,1
72083,RE: Solicitud de reunión para valorar sistema de comunicación masiva en situaciones de emergencia,793,775.0,9,4,35,6,2,2,1
72084,RE: CIM-036-2026,794,766.0,1,3,5,2,3,3,1
72085,Re: Solicitud de reunión para valorar sistema de comunicación masiva en situaciones de emergencia,795,778.0,1,1,11,2,3,3,1
72087,"Inclusión de Estudiante (Daniela Maria Salas Jimenez, salasdaniela04@estudiantec.cr) a Comunidad (Comunidad Cátedra de Química Orgánica)",796,768.0,10,3,7,2,3,3,1
72088,RV: Talleres Marzo - TEC Digital,797,776.0,1,1,28,2,3,3,1
72089,consulta para llevar los talleres-profesores nuevos,798,773.0,1,3,40,2,3,3,1
72090,RV: Estudiante Stefany Mathiew-TECDIGITAL,799,767.0,5,3,5,2,3,3,1
72091,RE: Enlace docente y tutor/a individual,800,772.0,10,3,7,2,3,3,1
72092,problemas con leccion de excel,801,771.0,7,3,11,2,3,3,1
72093,RE: Enlace docente y tutor/a individual,802,770.0,10,3,7,2,3,3,1
72094,"Re: Inclusión de Estudiante (Daniela Maria Salas Jimenez, salasdaniela04@estudiantec.cr) a Comunidad (Comunidad Cátedra de Química Orgánica)",803,768.0,10,3,7,2,3,3,1
72095,RE: Talleres Marzo - TEC Digital,804,778.0,10,1,28,2,3,3,1
72096,RE: Tutoria Mate discreta,805,774.0,10,3,7,2,3,3,1
72097,Historial de Carga TEC Digital,806,781.0,5,3,28,2,3,3,1
72099,Re: [Centro de Ayuda del TEC Digital] Re: Solicitud de actualización de estudiantes,807,782.0,10,1,4,2,3,3,1
72100,Expediente estudiantil,808,779.0,8,1,29,6,3,3,1
72101,Agregar estudiante a comunidad,809,783.0,3,1,7,2,3,3,1
72102,agregar a catedra,810,784.0,5,1,7,6,3,3,1
72103,Divulgar,811,804.0,1,1,26,2,3,3,1
72104,"Saludos, el enlace",812,788.0,10,1,40,2,3,3,1
72105,Refresco general de los integrantes de la comunidad del tecDigital.,813,785.0,10,1,4,2,3,3,1
72106,RE: Talleres Marzo - TEC Digital,814,787.0,10,1,28,2,3,3,1
72107,Ingreso al TEC Digital,815,786.0,2,1,25,2,3,3,1
72108,cuentas cursos tecnico en Electromecánica,816,794.0,2,1,21,2,3,3,1
72109,RE: [Centro de Ayuda del TEC Digital] Re: Aparentes inconsistencias en el Gestor de Atributos,817,791.0,10,1,31,2,3,3,1
72110,Consulta notas,818,796.0,7,1,11,2,3,3,1
72111,Solicitud de acceso a la cátedra de Matemáticas,819,790.0,5,1,7,2,3,3,1
72113,Solicitud de asignación de contraseña para perfil,820,792.0,8,1,11,2,3,3,1
72114,problemas con semana 3 excel,821,795.0,8,1,11,2,3,3,1
72115,Apoyo SMS - Estudio de Perfil de ingreso,822,808.0,1,1,27,2,3,3,1
72116,Problema con entrega de Imagen,823,800.0,5,1,28,2,3,3,1
72117,cierre de curso,824,793.0,10,1,6,2,3,3,1
72118,Solicitud de permiso plataforma Tec Digital,825,797.0,9,4,35,2,2,2,1
72119,RE: Solicitud de permiso plataforma Tec Digital,826,803.0,1,1,5,2,3,3,1
72120,Consulta carga de archivo,827,798.0,9,4,28,2,2,2,1
72121,Consulta carga de archivo,828,799.0,5,1,28,2,3,3,1
72122,Solicitud de publicación,829,802.0,1,1,27,2,3,3,1
72123,agregar a catedras,830,801.0,5,1,7,6,3,3,1
72124,RE: [Centro de Ayuda del TEC Digital] Re: Consulta sobre correos de carrera,831,820.0,5,1,7,2,3,3,1
72125,Consulta sobre entrega,832,806.0,10,3,28,2,3,3,1
72127,acceso Tec Digital,833,807.0,1,1,21,2,3,3,1
72128,Cambio de nombre en la plataforma,834,805.0,5,3,12,5,3,3,1
72129,Re: [Centro de Ayuda del TEC Digital] Re: Re: [Centro de Ayuda del TEC Digital] Re: Solicitud actualización de grupos,835,809.0,10,1,4,2,3,3,1
72130,Colaboración con cuenta de tec digital,836,814.0,2,1,14,2,3,3,1
72131,Inclusion Luciano Vincenti Pérez,837,810.0,5,1,5,2,3,3,1
72132,Solicitud Herramienta Turnitin,838,811.0,5,1,18,2,3,3,1
72134,No puedo conectar laptop a red WiFi WTec,839,812.0,5,3,11,2,3,3,1
72135,Consulta sobre puntaje en GAAP,840,813.0,10,3,30,5,3,3,1
72136,cambio de correo,841,816.0,1,3,12,2,3,3,1
72137,acceso TEC digital,842,815.0,2,3,21,2,3,3,1
72138,Inclusión de nuevo estudiante del PTEI,843,817.0,1,1,9,2,3,3,1
72139,Tiempo de respuesta,844,823.0,10,3,11,2,3,3,1
72140,no me deja mandar documentos,845,976.0,8,3,16,3,3,3,1
72141,Reporte de fallo técnico - Nathaly Avigail Potoy Castillo - 2026094145,846,821.0,5,3,30,2,3,3,1
72142,"Re: Inclusión de Estudiante (Daniela Maria Salas Jimenez, salasdaniela04@estudiantec.cr) a Comunidad (Comunidad Cátedra de Química Orgánica)",847,818.0,10,3,7,2,3,3,1
72143,Auxilio,848,819.0,10,3,6,2,3,3,1
72145,Solicitud de inclusión de estudiante en Cátedra Laboratorio Física general I,849,822.0,10,3,7,2,3,3,1
72146,Ingreso al TEC Digital: ADMINISTRACIÓN P126 G1,850,824.0,2,3,21,2,3,3,1
72147,Ingreso al TEC Digital: ADMINISTRACIÓN P126 G2,850,824.0,2,3,21,2,3,3,1
72148,Buenas tardes. Una consulta: En entrega de eval,851,835.0,10,1,28,2,3,3,1
72149,Acta estudiante Hazel Masis,852,830.0,5,1,11,2,3,3,1
72150,Solicitud de divulgación [Apoyo a cursos PAMTEC I semestre 2026],853,841.0,5,1,27,2,3,3,1
72151,"Buenas tardes, El aula virtual no me permite carga...",854,968.0,7,1,28,2,3,3,1
72153,Problema para ver un archivo de catedra,855,968.0,5,1,28,2,3,3,1
72154,Bloqueo de usuario,856,826.0,5,1,1,2,3,3,1
72156,No existe profesor asignado al curso,857,827.0,7,1,11,2,3,3,1
72157,RE: Solicitud de permiso plataforma Tec Digital,858,829.0,1,1,5,2,3,3,1
72158,Error Catedra,859,828.0,5,1,7,2,3,3,1
72159,Solicitud de apertura de cursos PFM Grupos: G17-01-2025 y G17-02-2025,860,839.0,10,1,21,2,3,3,1
72160,Problemas de ingreso al Tec Digital,861,831.0,10,1,2,2,3,3,1
72161,Solicitud de apertura de cursos PFM Grupos: G18-01-2026,862,832.0,2,1,21,2,3,3,1
72162,Problema con cuenta de estudiantec,863,834.0,5,1,11,2,3,3,1
72163,"RV: Inicio de curso "" Mi quehacer y el Control Interno""",864,837.0,1,1,2,2,3,3,1
72164,Ingreso al TEC Digital,865,836.0,2,1,25,2,3,3,1
72166,RE: Obra Teatral San Carlos 17 y 18 de marzo. 8 p.m.,866,838.0,9,4,35,4,2,2,1
72167,RE: Obra Teatral San Carlos 17 y 18 de marzo. 8 p.m.,867,846.0,1,1,27,2,3,3,1
72168,RV: acceso TEC digital,868,840.0,2,1,9,2,3,3,1
72169,Divulgar,869,861.0,1,1,26,2,3,3,1
72170,Favor divulgar con todos los estudiantel del TEC,870,842.0,10,1,27,2,3,3,1
72171,RE: Consulta sobre difusión en el tec digital,871,843.0,9,4,35,4,3,2,1
72172,Consulta de difusión de información por medio del tec digital.,872,844.0,5,1,26,2,3,3,1
72174,Re: [Centro de Ayuda del TEC Digital] Re: Inclusion Luciano Vincenti Pérez,873,845.0,5,1,5,2,3,3,1
72175,RE: [Centro de Ayuda del TEC Digital] Re: Apoyo SMS - Estudio de Perfil de ingreso,874,847.0,1,1,27,2,3,3,1
72176,Examen,875,855.0,10,1,30,2,3,3,1
72177,Favor de agregar a estudiante a la comunidad del tecDigital,876,849.0,5,1,7,2,3,3,1
72178,RV: Consulta TEC Digital,877,848.0,2,1,11,2,3,3,1
72179,solicitud de colaboración - Planes de Trabajo,878,859.0,1,1,36,2,3,3,1
72180,Solicitud de actividad,879,851.0,1,1,28,2,3,3,1
72181,Quiz 3 GAAP,880,851.0,10,1,30,5,3,3,1
72182,Dar de baja en curso,881,850.0,5,1,5,5,3,3,1
72183,GAAPs,882,852.0,5,1,30,5,3,3,1
72184,Solicitud para incluir docente -Plan de Trabajo TEC Digital,883,853.0,10,1,6,2,3,3,1
72186,Cambio de comunidad en TEC Digital,884,856.0,5,1,7,2,3,3,1
72187,Solicitud para incluir docente -Plan de Trabajo TEC Digital,885,854.0,10,1,6,2,3,3,1
72188,RV: Apoyo para difusión de encuestas  Diseño de experiencia VR - CerviCARE IA,886,860.0,1,1,26,2,3,3,1
72189,Consulta sobre entreda de examen corto,887,857.0,1,1,28,2,3,3,1
72190,RV: Mi Quehacer y el Control Interno - Inicio del curso curso Mi quehacer y el Control Interno,888,858.0,1,1,30,2,3,3,1
72192,Inclusión datos Planes de Trabajo,889,885.0,1,1,36,2,3,4,1
72193,Problema con una evaluación,890,862.0,5,1,30,2,3,3,1
72194,Consulta correo institucional,891,865.0,8,1,38,2,3,3,1
72195,RE: [Centro de Ayuda del TEC Digital] Re: RE: [Centro de Ayuda del TEC Digital] Re: Consulta sobre correos de carrera,892,864.0,5,1,7,2,3,3,1
72197,Problema con GAAP,893,866.0,5,1,30,5,3,3,1
72198,Corrección de nombre,894,868.0,9,4,35,4,2,2,1
72199,RV: Corrección de nombre,895,869.0,1,1,12,2,3,3,1
72200,Dar de baja en curso,896,867.0,5,1,5,5,3,3,1
72202,Consulta sobre cómo tener acceso a AutoCAD,897,870.0,8,1,11,2,3,3,1
72203,Consulta,898,871.0,1,1,6,2,3,3,1
72204,Solicitud de apoyo inclusión de notas,899,877.0,1,1,28,2,3,3,1
72205,Solicitud de soporte,900,872.0,9,4,28,6,2,2,1
72206,Solicitud de soporte,901,873.0,10,1,28,2,3,3,1
72207,Recuperacion de cuenta tec digital,902,874.0,8,1,2,2,3,3,1
72208,Solicitud de acceso a Turnitin,903,875.0,10,1,18,2,3,3,1
72209,Divulgar,904,877.0,1,1,26,2,3,3,1
72210,acceso a la Plataforma,905,876.0,1,1,7,2,3,3,1
72211,Consulta para curso de cooperación,906,878.0,1,1,11,2,3,3,1
72212,Solicitud de cuenta para Turnitin,907,879.0,10,1,18,2,3,3,1
72214,Difusión de encuesta,908,880.0,1,1,26,2,3,3,1
72215,RE: [Centro de Ayuda del TEC Digital] Re: solicitud de colaboración - Planes de Trabajo,909,884.0,1,1,36,2,3,3,1
72216,Inclusión Cátedra CDI,909,881.0,5,3,7,2,3,3,1
72217,Solicitud para uso de Turnitin,910,883.0,10,1,18,2,3,3,1
72218,Problemas al habilitar una rúbrica,911,882.0,10,1,39,2,3,3,1
72219,Consulta,912,883.0,2,1,30,2,3,3,1
72220,Divulgar,913,898.0,1,1,26,2,3,3,1
72222,RV: Feria de la Salud,914,893.0,1,1,26,2,3,3,1
72223,Registro del histórico de la carpeta,915,886.0,11,2,16,2,3,3,1
72224,RV: Charla: Autocuidado y Salud Mental,916,891.0,1,1,26,2,3,3,1
72225,RV: Consulta Taller de Inducción,917,888.0,1,1,5,2,3,3,1
72226,agregar a cátedra,918,887.0,5,1,7,5,3,3,1
72227,RV: Charla: VPH,919,891.0,1,1,26,2,3,3,1
72228,Comunidad tec digital,920,889.0,5,2,4,2,3,3,1
72229,Solicitud para agregar Labores Administrativas y proyectos de investigación en el sistema de Planes de Trabajo en el TEC Digital,921,901.0,1,1,36,2,3,3,1
72230,Reingreso,922,890.0,5,2,29,2,3,3,1
72233,Guías de uso plataforma,923,892.0,1,1,11,1,3,3,1
72234,Consulta Actualización Comunidad Tec Digital.,924,894.0,1,2,4,2,3,3,1
72236,Consulta sobre la incrustación de audios/videos,925,949.0,5,2,30,2,3,3,1
72238,RE: [Centro de Ayuda del TEC Digital] Re: Solicitud de apertura de cursos PFM Grupos: G18-01-2026,926,895.0,2,2,21,2,3,3,1
72239,Para compartir,927,909.0,1,1,26,2,3,3,1
72240,RE: Envió aviso estudiantes,928,904.0,1,1,27,2,3,3,1
72241,RV: Solicitud corrección apellido Tecdigital,929,896.0,2,1,12,2,3,3,1
72242,Solicitud de visita,930,905.0,8,1,11,2,3,3,1
72243,RE: Justificación/entrada tardía de clase semana 6 grupo 53 Dibujo,931,897.0,10,2,4,2,3,3,1
72244,RE: Solicitud para agregar Labores Administrativas y proyectos de investigación en el sistema de Planes de Trabajo en el TEC Digital,932,899.0,1,1,36,2,3,3,1
72245,Consulta,933,903.0,10,1,28,2,3,3,1
72246,Problemas con TEC Digital,934,903.0,10,1,38,2,3,3,1
72247,RV: revision de nombre en plataforma,935,900.0,2,1,12,2,3,3,1
72248,RE: acceso a la Plataforma,936,902.0,1,1,5,2,3,3,1
72250,Consulta sobre entregable,937,913.0,5,1,28,2,3,3,1
72251,Consulta sobre rúbricas,938,915.0,10,2,39,2,3,3,1
72252,Solicitud de ingreso de miembro en comunidad Programa Técnico en Electricidad,939,906.0,10,3,7,2,3,3,1
72253,Consulta sobre boleta primeros ingresos,940,907.0,5,3,42,6,3,3,1
72254,Solicitud de Publicación Charlas Feria de la Salud.,941,910.0,1,1,26,2,3,3,1
72255,Acceso turnitin,942,908.0,10,1,18,2,3,3,1
72256,Activación de usuario,943,911.0,10,2,2,6,3,3,1
72257,RE: CIM-036-2026,944,912.0,5,1,5,2,3,3,1
72258,RE: CIM-036-2026,945,914.0,5,2,11,2,3,3,1
72259,Ayuda para revisar caso,946,918.0,5,1,5,2,3,3,1
72260,RE: CIM-036-2026,947,916.0,5,1,5,2,3,3,1
72261,Ingreso al TEC Digital: ESTUDIO DE TRABAJO B225,948,917.0,2,1,21,2,3,3,1
72262,Ingreso al TEC Digital: COMUNICACIÓN A325,948,919.0,2,1,21,2,3,3,1
72263,"RE: curso "" Mi quehacer y el Control Interno""",949,923.0,10,1,30,2,3,3,1
72264,Solicitud de publicación,950,922.0,1,1,26,2,3,3,1
72265,Expediente estudiantil,951,927.0,8,1,29,6,3,3,1
72266,Divulgar,952,920.0,1,1,27,2,3,3,1
72267,Estado académico actual,953,921.0,5,1,29,2,3,3,1
72268,RV: Plan de trabajo,954,926.0,10,1,36,2,3,3,1
72269,"RE: curso "" Mi quehacer y el Control Interno""",955,924.0,10,4,35,4,2,2,1
72270,"RE: curso "" Mi quehacer y el Control Interno""",956,924.0,10,1,30,2,3,3,1
72271,agregar a cátedras,957,925.0,5,1,7,5,3,3,1
72272,Solicitud de envío de correo masivo,958,928.0,3,1,26,2,3,3,1
72273,Desvincular correo,959,933.0,5,1,7,2,3,3,1
72274,Ingreso al TEC Digital (Creación de usuarios),960,929.0,2,1,25,2,3,3,1
72275,Solicitudes en Planes de trabajo e incorporar actividades- I Sem 2026,961,1070.0,1,1,36,2,3,3,1
72276,Añadir comunidades de cálculo y álgebra lineal,962,930.0,9,4,35,4,2,2,1
72277,Añadir comunidades de cálculo y álgebra lineal,962,931.0,5,1,7,2,3,3,1
72279,Descarga de evaluaciones subidas.,963,946.0,10,1,28,2,3,3,1
72280,Cátedras,964,932.0,5,1,7,2,3,3,1
72292,Información técnico en mercadeo y AI,965,934.0,8,1,11,2,3,3,1
72293,RV: Charla: Autocuidado y Salud Mental,966,935.0,1,1,26,2,3,3,1
72294,RV: Charla: Virus del Papiloma Humano (VPH),967,935.0,1,1,26,2,3,3,1
72296,Crear materias,968,945.0,2,1,21,2,3,3,1
72297,Re: Sobre situación de grupos 25 y 40 de curso de Artes Musicales (UCDSJ),969,936.0,10,1,17,2,3,3,1
72298,Solicitud,970,937.0,10,1,36,2,3,3,1
72299,planes de trabajo,971,938.0,1,1,36,1,3,3,1
72300,RE: Plan de trabajo,972,951.0,10,1,1,2,3,3,1
72301,Invitación a Charla: Sexualidad Creativa,973,941.0,1,1,26,2,3,3,1
72302,Solicitud de ayuda con acceso,974,939.0,9,4,35,4,2,2,1
72303,Solicitud de ayuda con acceso,974,942.0,10,1,17,2,3,3,1
72304,agregar a curso,975,940.0,5,1,5,5,3,3,1
72305,Activación de cuenta funcionaria,976,948.0,1,1,2,2,3,3,1
72306,consulta,977,944.0,10,1,30,2,3,3,1
72307,Expediente estudiantil,978,943.0,8,1,29,6,3,3,1
72308,RE: [Centro de Ayuda del TEC Digital] Re: RE: [Centro de Ayuda del TEC Digital],979,947.0,10,1,7,2,3,3,1
72309,Solicitud de creación de grupo - Matemática para Ciencia de los Datos g35,980,1033.0,2,2,21,2,3,3,1
72310,Revisión de curso,980,955.0,1,2,6,2,3,3,1
72311,Aplicaciones TECDigital,981,950.0,1,2,10,2,3,3,1
72312,ingreso al TECDIGITAL,982,963.0,10,2,11,2,3,3,1
72313,"a la hora de realizar el quiz 6 , el internet se m...",983,956.0,7,2,30,2,3,3,1
72315,Corrección nombre TEC digital,984,953.0,2,2,12,2,3,3,1
72316,Configuracion Examen,985,952.0,10,4,35,4,2,2,1
72317,Configuracion Examen,986,952.0,10,4,35,4,2,2,1
72318,"En el GAAP nuevo, el examen lo programe para envia...",987,958.0,10,1,30,2,3,3,1
72319,Divulgar,988,966.0,1,1,26,2,3,3,1
72320,Consulta sobre no envío de un examen,989,957.0,5,1,28,2,3,3,1
72321,Problema con la cátedra de química,990,954.0,5,1,17,2,3,3,1
72322,RV: Solicitud de Publicación Charlas Feria de la Salud.,991,959.0,1,1,26,2,3,3,1
72323,AYUDA CON TRABAJO,992,960.0,5,2,28,2,3,3,1
72324,Buenos días.,993,962.0,5,1,28,2,3,3,1
72325,Consulta,994,977.0,5,2,28,2,3,3,1
72326,Solicitud de contactos,995,961.0,3,1,11,2,3,3,1
72327,Agregar estudiante a Cátedra de Proba,996,964.0,10,1,7,2,3,3,1
72328,Información del profesor,997,979.0,5,1,28,2,3,3,1
72329,Problema con curso,998,969.0,10,1,28,2,3,3,1
72331,Expediente estudiantil,999,965.0,5,4,35,4,2,2,1
72332,Expedienté estudiantil,1000,965.0,5,4,35,4,2,2,1
72333,No puedo ver mi expediente estudiantil para ver mi...,1001,967.0,5,1,29,2,3,3,1
72334,Actividades Feria de la Salud jueves 09 de abril del 2026,1002,973.0,9,4,35,4,2,2,1
72335,Consulta sobre entrega,1003,970.0,10,3,28,2,3,3,1
72336,Solicitud apertura TEC Digital: COSTOS DE CALIDAD STEM GR A126 B I 2026,1004,975.0,2,2,21,2,3,3,1
72337,Solicitud apertura TEC Digital: ANÁLISIS DE DATOS 1 STEM GR A126 B I 2026,1004,972.0,2,3,21,2,3,3,1
72338,Ayuda con portal,1005,971.0,10,1,11,1,3,3,1
72339,GAAP,1006,975.0,10,1,30,6,3,3,1
72340,RV: Taller el Guante-VIH,1007,974.0,1,1,26,2,3,3,1
72341,Botón de búsqueda de rúbricas,1008,978.0,10,3,28,2,3,3,1
72342,Agregar estudiante a cátedras,1009,980.0,5,3,7,6,3,3,1
72343,Solicitud apertura TEC Digital: EXCEL AVANZADO 1 A126 GR 1 B I 2026,1010,982.0,2,2,21,2,3,3,1
72345,Solicitud de funcionalidad: modo oscuro,1011,981.0,5,1,11,2,3,3,1
72346,Acceso Tec digital,1012,990.0,1,1,2,2,3,3,1
72347,RV: Fallo en mi conexión,1013,990.0,10,1,30,2,3,3,1
72349,Solicitud apertura TEC Digital: EXCEL BÁSICO G#1 A226,1014,983.0,2,1,21,2,3,3,1
72350,Solicitud apertura TEC Digital: EXCEL BÁSICO G#2 B226,1014,984.0,2,2,21,2,3,3,1
72351,Re: Aviso Importante: Servicio SMS suspendido,1015,988.0,10,1,38,2,3,3,1
72352,RV: Actividades Feria de la Salud - Viernes 10 de abril,1016,996.0,1,1,26,2,3,3,1
72353,Sincronización CFH,1017,985.0,1,2,3,2,3,3,1
72354,Acceso,1018,986.0,10,1,1,2,3,3,1
72355,Ingreso TEC digital,1019,987.0,5,2,1,2,3,3,1
72356,activacion de cuenta,1020,989.0,5,1,2,5,3,3,1
72357,Ingreso al Tec digital,1021,991.0,8,3,1,2,3,3,1
72358,Agregar a comunidad,1022,992.0,5,3,7,6,3,3,1
72359,RV: Charla: Lesiones en la Boca,1023,995.0,1,1,26,2,3,3,1
72360,Restablecimiento de Contraseña,1024,993.0,2,3,14,2,3,3,1
72361,RV: Cátedra lab física 1,1025,994.0,10,1,7,2,3,3,1
72365,RE: Solicitud de apertura de cursos y capacitación para nuevos docentes,1026,1010.0,1,1,21,2,3,3,1
72366,RV: Bienvenida al Programa de Ciencia de los Datos TEC,1027,998.0,5,1,1,2,3,3,1
72367,Problemas con evaluaciones GAAP,1028,997.0,5,4,35,4,2,2,1
72368,Problemas con evaluaciones GAAP,1028,1002.0,10,1,30,2,3,3,1
72370,Consulta sobre notas en la plataforma,1029,1001.0,5,1,28,2,3,3,1
72371,Problema con visualización de notas en la plataforma,1030,999.0,5,1,28,2,3,3,1
72372,Evaluación de Tutorías Estudiantiles I-2026,1031,1000.0,1,1,26,2,3,3,1
72373,RE: cambio de correo,1032,1001.0,1,1,11,2,3,3,1
72374,Agregar una estudiante a Cátedra,1033,1003.0,10,1,7,2,3,3,1
72375,Solicitud de registro de asistente en subgrupo Red MatIA de la Escuela de Matemática,1034,1005.0,3,1,7,2,3,3,1
72376,RE: Servicio SMS restablecido,1035,1008.0,1,1,38,2,3,3,1
72377,Ingreso al TEC Digital (Creación de usuarios),1035,1004.0,2,3,25,2,3,3,1
72378,Capacitación,1036,1006.0,1,1,34,2,3,3,1
72379,Agregar estudiante a cátedra,1037,1007.0,5,3,7,6,3,3,1
72380,"Buenas tardes,",1038,1009.0,5,1,11,2,3,3,1
72381,Consulta Herramienta Control de Plagio TD,1039,1061.0,5,1,18,2,3,3,1
72382,Planes de trabajo,1040,1011.0,1,1,36,2,3,3,1
72383,RV: Comunicado Importante,1041,1012.0,1,1,27,2,3,3,1
72384,Catedra de Dinamica,1042,1013.0,5,3,7,2,3,3,1
72385,Fw: Cursos creados TecDigital para II Trimestre,1043,1063.0,1,1,6,2,3,3,1
72386,Solicitud de incorporación de estudiante en grupo 35 módulo 1. Matemática para Ciencia de los Datos del Programa de Ciencia de los Datos,1044,1014.0,2,3,5,2,3,3,1
72387,RE: Bienvenida al Programa de Ciencia de los Datos TEC,1045,1016.0,2,1,5,2,3,3,1
72389,Favor,1046,1015.0,10,1,30,2,3,3,1
72390,Ingreso al TEC Digital (Creación de usuarios),1047,1017.0,2,3,25,2,3,3,1
72392,Problemas de ingreso,1048,1018.0,5,1,1,2,3,3,1
72393,Cuenta turn it in,1049,1019.0,10,2,11,2,3,3,1
72394,Ingreso al TEC Digital (Creación de usuarios),1050,1022.0,2,2,25,2,3,3,1
72395,Solicitud de revisión de nota del Quiz 2  Estudio del Trabajo I Grupo 1,1051,1020.0,5,4,35,4,2,2,1
72396,Solicitud de revisión de nota del Quiz 2  Estudio del Trabajo I Grupo 1,1052,1024.0,5,1,30,2,3,3,1
72397,Acceso TEC Digital,1053,1032.0,7,1,1,2,3,3,1
72398,Consulta respecto a planes de trabajo,1054,1021.0,10,2,36,2,3,3,1
72399,Uso de Turnitin - Control de Pagio,1055,1023.0,10,1,18,2,3,3,1
72400,Acceso al Tec Digital,1056,1025.0,5,2,1,2,3,3,1
72401,Solicitud de incorporación como administrador en cursos de maestría.,1057,1026.0,1,1,6,2,3,3,1
72402,Solicitud de incorporar a 3 profesores a comunidad,1058,1027.0,1,1,7,2,3,3,1
72403,Agregar administradores a cursos Bimestre 3 - 2026,1059,1029.0,1,2,6,2,3,3,1
72404,Acesso correo diseño industrial,1060,1028.0,9,4,35,2,2,2,1
72405,Consulta,1061,1042.0,2,1,11,2,3,3,1
72406,Acesso correo diseño industrial,1062,1031.0,5,2,10,2,3,3,1
72407,Divulgar,1063,1030.0,1,1,27,2,3,3,1
72409,Herramienta control de Plagio,1064,1064.0,10,1,18,2,3,3,1
72410,Consulta acceso TEC Digital,1065,1035.0,5,1,1,2,3,3,1
72411,Evaluación modulo 3,1066,1044.0,1,2,30,2,3,3,1
72412,Evaluación módulo #3 Control Interno,1067,1034.0,1,4,35,4,2,2,1
72413,RE: Agregar administradores a cursos Bimestre 3 - 2026,1068,1036.0,1,2,10,2,3,3,1
72414,Acceso a cuenta TEC Digital como profesor,1069,1037.0,10,2,1,2,3,3,1
72415,Apertura de los cursos en el TEc-digital,1070,1135.0,2,1,21,2,3,3,1
72416,Charla Generalidades del VIH,1071,1056.0,1,1,27,2,3,3,1
72417,Problema al subir documentos,1072,1038.0,5,3,16,5,3,3,1
72419,Inclusión a la Comunidad de Cálculo Diferencial e Integral,1073,1041.0,5,2,4,2,3,3,1
72420,Inclusión a la Comunidad de Cálculo Diferencial e Integral,1074,1040.0,5,4,35,4,2,2,1
72421,Durante el año pasado estaba en la carrera de MATE...,1075,1043.0,5,2,12,2,3,3,1
72422,Prematricula,1076,1039.0,5,4,35,4,2,2,1
72423,Problema con el sistema de notifaciones de evaluacioines,1077,1046.0,5,1,28,2,3,3,1
72424,Información requerida - TecDigital,1078,1047.0,8,2,29,2,3,3,1
72425,corregir profesor,1079,1046.0,10,2,6,2,3,3,1
72426,Solicitud,1080,1048.0,10,2,4,2,3,3,1
72427,Carga de evaluación,1081,1045.0,5,1,28,5,3,3,1
72428,Prematricula,1082,1052.0,5,3,37,2,3,3,1
72429,Ingreso al TEC Digital (Creación de usuarios),1083,1050.0,2,3,25,2,3,3,1
72430,Solicitud de colaboración para trabajo de graduación,1084,1049.0,5,1,11,2,3,3,1
72431,Ingreso al TEC Digital (Creación de usuarios),1085,1051.0,2,3,25,2,3,3,1
72432,"Apoyo en registro de estudiantes de primer ingreso, TEC Digital  II Trimestre 2026",1086,1053.0,1,1,21,2,3,3,1
72435,Soporte,1087,1054.0,1,1,6,2,3,3,1
72436,Acceso TEC Digital,1088,1055.0,1,1,2,2,3,3,1
72437,Solicitud de actualizar estudiantes en grupos del TecDigital,1089,1057.0,2,1,5,2,3,3,1
72438,Consulta Aplicaciones,1090,1060.0,1,1,10,2,3,3,1
72439,Estudiantes reportan que no reciben documentos,1091,1058.0,10,3,38,2,3,3,1
72440,Asociar GAAP a evaluación,1092,1059.0,10,3,30,6,3,3,1
72441,Agregar cuentas como profesor asociado en cursos de Tec Digital - II Bimestre 2026,1093,1062.0,10,3,6,2,3,3,1
72443,usuario y contraseña de TEC DIGITAL,1094,1063.0,5,1,1,2,3,3,1
72445,Corrección nombre TEC digital,1095,1066.0,2,1,12,2,3,3,1
72446,Reporte de error en carga de documentos  TEC Digital,1096,1065.0,5,1,28,2,3,3,1
72447,Registro de Carrera,1097,1069.0,5,2,12,2,3,3,1
72448,Para compartir,1098,1067.0,1,1,26,2,3,3,1
72450,RE: Acceso al Tec Digital,1099,1068.0,1,1,6,2,3,3,1
72451,Divulgar,1100,1089.0,1,1,26,2,3,3,1
72452,RE: Capacitaciones TEC Digital,1101,1071.0,10,1,40,2,3,3,1
72454,Solicitud de permisos para la nueva Coordinación Carrera Turismo,1102,1073.0,1,2,10,2,3,3,1
72455,Acceso a uso de Turnitin para control de plagio,1103,1072.0,10,1,18,2,3,3,1
72456,Grupos de TEC Digital para Inglés TEC SC II bimestre,1104,1086.0,2,2,21,2,3,3,1
72457,Grupos de TEC Digital para Inglés TEC SC II bimestre,1104,1074.0,10,1,30,2,3,2,1
72458,Problemas GAAP - Asignación de evaluaciones,1105,1117.0,10,1,30,2,3,3,1
72459,Principios de programación 2,1106,1075.0,7,1,11,2,3,3,1
72460,Descargar listado de estudiantes de curso,1107,1076.0,1,1,11,1,3,3,1
72461,RE: [Centro de Ayuda del TEC Digital] Re: RV: Cátedra lab física 1,1108,1079.0,10,2,7,2,3,3,1
72462,Recuperar: [Centro de Ayuda del TEC Digital] Re: RV: Cátedra lab física 1,1109,1077.0,10,1,7,2,3,2,1
72463,RE: [Centro de Ayuda del TEC Digital] Re: RV: Cátedra lab física 1,1109,1078.0,10,1,7,2,3,2,1
72464,"solicitud para Incorporar estudiante Wendy Soto Mora, al TEC-Digital",1110,1080.0,5,1,25,2,3,3,1
72465,inclusión en TEC-Digital matricula Jeremy Muñoz,1111,1081.0,1,2,5,2,3,3,1
72466,"Solicitud de Usuario de Tecdigital, II T 2026",1112,1084.0,1,2,3,2,3,3,1
72467,"Revisar ingreso al tec-ditial Curso principios de programación 2, estudiante",1113,1083.0,9,4,35,2,2,2,1
72468,"Re: solicitud para Incorporar estudiante Wendy Soto Mora, al TEC-Digital",1114,1082.0,1,2,5,2,3,3,1
72469,Solicitud de actualización de cursos,1115,1092.0,10,2,3,2,3,3,1
72470,"Re: Revisar ingreso al tec-ditial Curso principios de programación 2, estudiante",1115,1084.0,7,2,3,2,3,3,1
72471,"RE: Revisar ingreso al tec-ditial Curso principios de programación 2, estudiante",1116,1085.0,1,2,3,2,3,3,1
72472,RE: Solicitud urgente para ser agregado en la Cátedra de Cálculo y Álgebra Lineal,1117,1087.0,3,1,4,2,3,3,1
72473,RE: Capacitaciones TEC Digital,1118,1088.0,10,1,40,2,3,3,1
72474,incluir en TEC-Digital,1119,1097.0,1,1,2,2,3,3,1
72475,RV: [Centro de Ayuda del TEC Digital] Re: Información de curso,1120,1091.0,1,2,29,2,3,3,1
72476,No me sirve el wifi del TEC,1121,1090.0,5,3,11,2,3,3,1
72478,Acceso Tec Digital,1122,1119.0,10,2,32,2,3,3,1
72479,consulta,1123,1093.0,10,3,11,2,3,3,1
72480,Solicitud de agregar estudiante a Comunidad,1124,1095.0,5,3,7,2,1,3,1
72481,Información de la página de prematricula incorrecta,1125,1094.0,5,1,11,2,3,3,1
72482,RE: Capacitaciones TEC Digital,1126,1096.0,10,1,40,2,3,3,1
72483,CONSULTA,1127,1098.0,10,1,30,2,3,3,1
72484,Divulgar en todos los campus y centros,1128,1121.0,1,1,26,2,3,3,1
72485,Solicitud apertura TEC Digital: INSPECCIÓN POR VARIABLES Y ATRIBUTOS A225,1129,1099.0,2,1,21,2,3,3,1
72486,Solicitud apertura TEC Digital: TÉCNICAS PARA LA MEJORA A225,1129,1101.0,2,2,21,2,3,3,1
72487,Solicitud apertura TEC Digital: INSPECCIÓN POR VARIABLES Y ATRIBUTOS B225,1130,1100.0,2,1,21,2,3,3,1
72488,Solicitud apertura TEC Digital: TÉCNICAS PARA LA MEJORA B225,1130,1104.0,2,2,21,2,3,3,1
72489,Solicitud apertura TEC Digital: ANÁLISIS DE SISTEMAS DE MEDICIÓN A325,1131,1103.0,2,1,21,2,3,3,1
72490,Solicitud apertura TEC Digital: GRÁFICOS DE CONTROL A325,1131,1106.0,2,1,21,2,3,3,1
72491,Solicitud apertura TEC Digital: ANÁLISIS DE SISTEMAS DE MEDICIÓN B325,1132,1102.0,2,1,21,2,3,3,1
72492,Solicitud apertura TEC Digital: GRÁFICOS DE CONTROL B325,1132,1107.0,2,1,21,2,3,3,1
72493,Solicitud apertura TEC Digital: COSTOS DE CALIDAD A126,1133,1111.0,2,1,21,2,3,3,1
72494,Solicitud apertura TEC Digital: ANALISIS DE DATOS 1 A126,1133,1105.0,2,2,21,2,3,3,1
72495,Solicitud apertura TEC Digital: COSTOS DE CALIDAD B126,1134,1113.0,2,1,21,2,3,3,1
72496,Solicitud apertura TEC Digital: ANALISIS DE DATOS 1 B126,1134,1106.0,2,2,21,2,3,3,1
72497,Solicitud apertura TEC Digital: MATEMÁTICA A126,1135,1108.0,2,2,21,2,3,3,1
72498,Solicitud apertura TEC Digital: MATEMÁTICA B126,1135,1110.0,2,2,21,2,3,3,1
72499,Solicitud apertura TEC Digital: METROLOGÍA Y NORMALIZACIÓN B225,1136,1114.0,2,2,21,2,3,3,1
72500,Solicitud apertura TEC Digital: ADMINISTRACIÓN DE RECURSOS HUMANOS A325,1136,1112.0,2,2,21,2,3,3,1
72501,Autorización Plataforma TecDigital y Office,1137,1115.0,1,1,5,2,3,3,1
72502,Estudiantes que no tienen el curso en el Tec Digital,1138,1116.0,1,1,5,2,3,3,1
72503,Situación respecto al GAAP,1138,1115.0,10,2,30,6,3,3,1
72504,RV: Solicitud de cambio de profesor,1139,1109.0,10,1,6,2,3,3,1
72505,Personalización del portal - Tec Digital,1140,1128.0,10,2,11,2,3,3,1
72506,Para compartir en el TEC-DIGITAL-ESTUDIANTES DE LIMON,1141,1117.0,1,1,27,2,3,3,1
72507,"Re: solicitud para Incorporar estudiante Wendy Soto Mora, al TEC-Digital",1142,1118.0,1,1,5,2,3,3,1
72508,Bloqueo por MFA  Error 500121 (Cuenta institucional TEC para Outlook),1143,1120.0,5,3,11,2,3,3,1
72509,Re: Lista de curso,1144,1122.0,9,4,35,2,2,4,1
72510,Re: Lista de curso,1145,1122.0,10,1,5,2,3,3,1
72511,Ayuda a solucionar problema,1146,1123.0,5,1,5,2,3,3,1
72512,Acceso a cuenta institucional,1147,1123.0,5,4,35,4,2,2,1
72513,Acceso a cuenta institucional,1148,1124.0,5,1,11,2,3,3,1
72515,Re: Autorización Plataforma TecDigital y Office,1149,1125.0,9,4,35,2,2,2,1
72516,RE: Autorización Plataforma TecDigital y Office,1150,1126.0,5,1,1,2,3,3,1
72517,Re: Capacitaciones TEC Digital,1151,1127.0,10,1,40,2,3,3,1
72518,RE: Capacitaciones TEC Digital,1152,1149.0,10,1,40,2,3,3,1
72519,Correo estudiantil,1153,1129.0,5,1,11,2,3,3,1
72520,Consulta,1154,1131.0,5,3,11,2,3,3,1
72521,solicitud de inclusión grupo: Fundamentos de Computación en la Nube,1155,1129.0,1,3,5,2,3,3,1
72522,Soporte,1156,1174.0,1,1,2,2,3,3,1
72523,Recuperación de cuenta para ver historial academico,1157,1149.0,8,1,29,2,3,3,1
72524,Cátedra de Laboratorio de Química,1158,1130.0,5,1,7,2,3,3,1
72525,solicitud de apoyo Tec digital,1159,1132.0,1,1,5,2,3,3,1
72527,Consulta sobre las comunidades que salen el tec digital,1160,1134.0,5,1,7,2,3,3,1
72528,Solicitud de reporte,1161,1137.0,5,1,28,2,3,3,1
72529,Solicitud de reporte por falla en TEC-Digital durante evaluación,1162,1136.0,5,1,28,2,3,3,1
72530,acceso a un curso,1163,1133.0,10,3,6,2,3,3,1
72531,"No me funciona enviar mi solicitud: Buenas noches,...",1164,1139.0,9,4,35,4,3,2,1
72532,Solicitud de reporte problemas para cargar archivos en TD,1165,1141.0,5,1,28,2,3,3,1
72534,Solictud Reporte TEC DIgital,1166,1140.0,5,1,28,2,3,3,1
72535,Problema de carga en el TecDigital,1167,1143.0,5,1,28,2,3,3,1
72536,Reporte de entrega,1168,1138.0,5,3,28,6,3,3,1
72537,Divulgar en todas las comunidades de estudiantes,1169,1142.0,1,1,26,2,3,3,1
72538,"en mi perfil viene mi nombre arroyo solano, lo cor...",1170,1145.0,7,2,12,2,3,3,1
72539,Solicitud de reporte por avería en Tec Digital,1171,1144.0,5,2,28,2,3,3,1
72540,Consulta,1172,1146.0,1,1,7,2,3,3,1
72541,Solicitud de reporte - TecDigital,1173,1145.0,5,2,28,6,3,3,1
72542,cambio de apellido,1174,1147.0,3,1,12,6,3,3,1
72545,Acceso turnitin,1176,1172.0,5,1,18,2,3,3,1
72546,Modulo 3 - Especializacion de impuestos,1177,1148.0,7,2,3,2,3,3,1
72547,Fw: PROBLEMA TECDIGITAL,1178,1163.0,5,2,1,2,3,3,1
72548,Consulta,1179,1150.0,5,1,7,2,3,3,1
72549,RV: Consulta sobre la plataforma,1180,1152.0,2,1,12,2,3,3,1
72550,acceso tec digital,1181,1151.0,2,1,21,2,3,3,1
72551,Solicitud de reporte - TecDigital,1182,1153.0,5,2,28,6,3,3,1
72552,Fw: Reporte de caída en Tec Digital,1183,1158.0,5,2,28,2,3,3,1
72553,Fw: SOLICITUD DE ACCESO A EXPEDIENTE ESTUDIANTIL DEL TEC-DIGITAL,1184,1156.0,9,4,35,4,3,2,1
72554,Solicitud de reporte,1185,1154.0,5,4,28,4,2,2,1
72555,Recall: Solicitud de reporte,1185,1155.0,9,4,35,4,3,2,1
72556,Solicitud de reporte,1185,1159.0,5,2,28,2,3,3,1
72557,RE: SOLICITUD DE ACCESO A EXPEDIENTE ESTUDIANTIL DEL TEC-DIGITAL,1186,1157.0,3,1,10,2,3,3,1
72558,Agregar cursos,1187,1161.0,2,1,21,2,3,3,1
72559,Problema para enviar correo desde la comunidad de ATI,1188,1162.0,5,2,38,2,3,3,1
72560,Correo no enviado,1189,1160.0,10,2,38,6,3,3,1
72562,Creación de curso,1190,1166.0,2,2,21,2,3,3,1
72563,Acceso al TEC Digital,1191,1164.0,11,3,25,6,3,3,1
72564,Solicitud,1192,1165.0,10,2,4,2,3,3,1
72565,Solicitud de creación de grupo - módulo 4. Big Data g34,1193,1167.0,2,1,21,2,3,3,1
72566,Favor activar acceso al Tec Digital al profesor de la Maestria en Ingeniería vial,1194,1168.0,1,3,25,2,3,3,1
72567,Ingresos,1195,1169.0,1,1,5,2,3,3,1
72568,Problemas con tec digital,1196,1170.0,2,3,1,2,3,3,1
72569,Consulta,1197,1171.0,1,3,6,2,3,3,1
72570,RV: Consulta plataforma Tecdigital,1198,1175.0,5,1,11,2,3,3,1
72572,Desde el miércoles no se envían las noticias en ninguno de mis grupos,1199,1179.0,10,1,38,2,3,3,1
72574,Inconsistencias en entrega de asignación Lab Fis gen II gr51,1200,1176.0,10,1,28,2,3,3,1
72575,Acceso a Turnitin,1201,1173.0,10,1,18,2,3,3,1
72576,Corrección en portal,1202,1184.0,10,1,11,6,3,3,1
72577,Urgente,1203,1182.0,2,1,11,2,3,3,1
72578,Divulgar en todas las comunidades de estudiantes,1204,1177.0,1,1,26,2,3,3,1
72579,RV: Error Tec digital,1205,1181.0,2,1,11,2,3,3,1
72580,Solicitud de apertura de curso - TECDIGITAL,1206,1178.0,9,4,35,6,2,2,1
72581,Solicitud de apertura de curso - TECDIGITAL,1206,1183.0,10,1,21,2,3,3,1
72582,Soporte con pagina de comunidad,1207,1180.0,10,3,16,2,3,3,1
72584,RV: Error en TEC Digital,1208,1185.0,2,3,16,2,3,3,1
72585,RV: Problemas ingreso tecDigital,1209,1186.0,1,3,2,2,3,3,1
72586,Solicitud de acceso al tecDigital,1210,1187.0,5,3,1,2,3,3,1
72587,Acceso Turnitin. Técnico en Administración de Proyectos,1211,1190.0,7,1,18,2,3,3,1
72588,No puedo enviar archivos en las evaluaciones,1212,1192.0,5,3,28,2,3,3,1
72589,Consulta sobre el cobro del curso Excel - Revisión pendiente,1213,1198.0,7,2,11,2,3,3,1
72590,RV: acceso tec digital,1214,1188.0,1,3,12,2,3,3,1
72591,Consulta sobre envío retrasado de mensaje a estudiantes de Física General III a través del TEC Digital,1215,1189.0,10,1,38,2,3,3,1
72593,consulta,1216,1191.0,10,1,30,2,3,3,1
72594,Problemas TEC Digital,1217,1193.0,5,1,1,2,3,3,1
72595,Problemas para acceder a TEC Digital,1218,1194.0,5,1,1,2,3,3,1
72596,Campaña de Vacunación: CAL- TEC,1219,1195.0,1,1,27,2,3,3,1
72598,Divulgar en todos los campus y centros,1220,1208.0,1,1,26,2,3,3,1
72599,Por favor,1221,1196.0,10,2,11,2,3,3,1
72600,Actualización de carrera en Tec Digital,1222,1197.0,5,2,4,2,3,3,1
72601,Solicitud de creación de grupo - módulo 5. Minería de Datos e Inteligencia de Negocios g32,1223,1199.0,2,1,21,2,3,3,1
72602,Sin acceso TEC digital,1224,1200.0,5,2,1,2,3,3,1
72603,Lista oficial de clase grupo 40 Artes Musicales CASJ,1225,1201.0,10,4,35,4,2,2,1
72604,Lista oficial de clase Artes Musicales grupo 40 CASJ,1226,1203.0,10,2,17,2,3,3,1
72605,Divulgar en la comunidad de SJ,1227,1202.0,1,1,27,2,3,3,1
72606,Solicitud para ingresar al TecDigital,1228,1207.0,2,2,9,2,3,3,1
72607,listas tecnico en Electromecanica,1229,1206.0,10,2,21,2,3,3,1
72609,RV: [Centro de Ayuda del TEC Digital] Re: Problemas con tec digital,1230,1204.0,2,1,1,2,3,3,1
72610,Ingreso Turnitin,1231,1205.0,5,1,18,2,3,3,1
72611,solicitud de creación de curso,1232,1212.0,10,1,23,2,3,3,1
72612,No se pudo subir archivo,1233,1210.0,10,2,28,2,3,3,1
72613,Permiso de evaluación - Tec Digital,1234,1209.0,10,2,10,2,3,3,1
72614,Accesos,1235,1211.0,1,3,2,2,3,3,1
72615,consulta sobre nota del proyecto,1236,1213.0,7,1,11,2,3,3,1
72617,Consulta,1238,1214.0,1,3,6,2,3,3,1
72618,Reporte de evaluaciones,1239,1215.0,5,3,28,5,3,3,1
72646,"Por favor ayudarnos, habilitar grupo en tecdigital Electiva I Administración del riesgo y el control interno",1259,1232.0,5,1,11,2,3,3,1
72648,Curso de excel,1261,1235.0,5,4,35,4,2,2,1
72664,RE: Solicitud de traslado de curso | SE1103 Danza Grupo 40,1276,1249.0,9,4,35,2,3,2,1
